NAME,VOTES,COMMITTEE,CMTE_TYPE,MONTH,DAY,YEAR,CONGRESS,PAGE
Adams,1,Cmte on DC,,Feb,6,1805,8,17
Anderson,5,Cmte on DC,,Feb,6,1805,8,17
Baldwin,3,Cmte on DC,,Feb,6,1805,8,17
Bayard,1,Cmte on DC,,Feb,6,1805,8,17
Bradley,1,Cmte on DC,,Feb,6,1805,8,17
Breckinridge,3,Cmte on DC,,Feb,6,1805,8,17
Brown,1,Cmte on DC,,Feb,6,1805,8,17
Cocke,2,Cmte on DC,,Feb,6,1805,8,17
Dayton,1,Cmte on DC,,Feb,6,1805,8,17
Franklin,2,Cmte on DC,,Feb,6,1805,8,17
Gaillard,1,Cmte on DC,,Feb,6,1805,8,17
Giles,1,Cmte on DC,,Feb,6,1805,8,17
Hillhouse,1,Cmte on DC,,Feb,6,1805,8,17
Jackson,2,Cmte on DC,,Feb,6,1805,8,17
Logan,1,Cmte on DC,,Feb,6,1805,8,17
Maclay,1,Cmte on DC,,Feb,6,1805,8,17
Mitchill,10,Cmte on DC,,Feb,6,1805,8,17
Moore,2,Cmte on DC,,Feb,6,1805,8,17
Pickering,1,Cmte on DC,,Feb,6,1805,8,17
S Smith,3,Cmte on DC,,Feb,6,1805,8,17
J Smith(NY),1,Cmte on DC,,Feb,6,1805,8,17
J Smith(OH),1,Cmte on DC,,Feb,6,1805,8,17
Is Smith,9,Cmte on DC,,Feb,6,1805,8,17
Stone,4,Cmte on DC,,Feb,6,1805,8,17
Sumter,1,Cmte on DC,,Feb,6,1805,8,17
Tracy,2,Cmte on DC,,Feb,6,1805,8,17
White,1,Cmte on DC,,Feb,6,1805,8,17
Wright,3,Cmte on DC,,Feb,6,1805,8,17
Adams,2,cmte on MD bill,,Feb,7,1805,8,17
Anderson,3,cmte on MD bill,,Feb,7,1805,8,17
Baldwin,2,cmte on MD bill,,Feb,7,1805,8,17
Bayard,4,cmte on MD bill,,Feb,7,1805,8,17
Bradley,2,cmte on MD bill,,Feb,7,1805,8,17
Breckinridge,1,cmte on MD bill,,Feb,7,1805,8,17
Condit,1,cmte on MD bill,,Feb,7,1805,8,17
Dayton,1,cmte on MD bill,,Feb,7,1805,8,17
Ellery,1,cmte on MD bill,,Feb,7,1805,8,17
Gaillard,3,cmte on MD bill,,Feb,7,1805,8,17
Giles,1,cmte on MD bill,,Feb,7,1805,8,17
Howland,2,cmte on MD bill,,Feb,7,1805,8,17
Jackson,4,cmte on MD bill,,Feb,7,1805,8,17
Logan,2,cmte on MD bill,,Feb,7,1805,8,17
Maclay,2,cmte on MD bill,,Feb,7,1805,8,17
Mitchill,5,cmte on MD bill,,Feb,7,1805,8,17
Moore,1,cmte on MD bill,,Feb,7,1805,8,17
Pickering,1,cmte on MD bill,,Feb,7,1805,8,17
Smith,15,cmte on MD bill,,Feb,7,1805,8,17
J Smith(NY),5,cmte on MD bill,,Feb,7,1805,8,17
J Smith(OH),2,cmte on MD bill,,Feb,7,1805,8,17
Is Smith,2,cmte on MD bill,,Feb,7,1805,8,17
Stone,3,cmte on MD bill,,Feb,7,1805,8,17
Tracy,1,cmte on MD bill,,Feb,7,1805,8,17
White,3,cmte on MD bill,,Feb,7,1805,8,17
Wright,6,cmte on MD bill,,Feb,7,1805,8,17
" Dayton, Suth",40,Cmte on ports & harbors bill,,Feb,7,1805,8,17
Adams,4,Cmte on ports & harbors bill,,Feb,7,1805,8,17
Anderson,3,Cmte on ports & harbors bill,,Feb,7,1805,8,17
Baldwin,5,Cmte on ports & harbors bill,,Feb,7,1805,8,17
Bayard,7,Cmte on ports & harbors bill,,Feb,7,1805,8,17
Bradley,2,Cmte on ports & harbors bill,,Feb,7,1805,8,17
Breckinridge,6,Cmte on ports & harbors bill,,Feb,7,1805,8,17
Brown,1,Cmte on ports & harbors bill,,Feb,7,1805,8,17
Condit,2,Cmte on ports & harbors bill,,Feb,7,1805,8,17
Dayton,9,Cmte on ports & harbors bill,,Feb,7,1805,8,17
Franklin,3,Cmte on ports & harbors bill,,Feb,7,1805,8,17
Gaillard,2,Cmte on ports & harbors bill,,Feb,7,1805,8,17
Giles,8,Cmte on ports & harbors bill,,Feb,7,1805,8,17
Hillhouse,3,Cmte on ports & harbors bill,,Feb,7,1805,8,17
Howland,1,Cmte on ports & harbors bill,,Feb,7,1805,8,17
Jackson,6,Cmte on ports & harbors bill,,Feb,7,1805,8,17
Logan,3,Cmte on ports & harbors bill,,Feb,7,1805,8,17
Maclay,1,Cmte on ports & harbors bill,,Feb,7,1805,8,17
Mitchill,2,Cmte on ports & harbors bill,,Feb,7,1805,8,17
Moore,3,Cmte on ports & harbors bill,,Feb,7,1805,8,17
Olcott,1,Cmte on ports & harbors bill,,Feb,7,1805,8,17
Pickering,2,Cmte on ports & harbors bill,,Feb,7,1805,8,17
S Smith,9,Cmte on ports & harbors bill,,Feb,7,1805,8,17
Is Smith,3,Cmte on ports & harbors bill,,Feb,7,1805,8,17
Sumter,1,Cmte on ports & harbors bill,,Feb,7,1805,8,17
Tracy,2,Cmte on ports & harbors bill,,Feb,7,1805,8,17
Wright,1,Cmte on ports & harbors bill,,Feb,7,1805,8,17
Adams,1,cmte on further govt of LA bill,,Feb,8,1805,8,17
Anderson,12,cmte on further govt of LA bill,,Feb,8,1805,8,17
Baldwin,4,cmte on further govt of LA bill,,Feb,8,1805,8,17
Bayard,2,cmte on further govt of LA bill,,Feb,8,1805,8,17
Breckinridge,7,cmte on further govt of LA bill,,Feb,8,1805,8,17
Brown,3,cmte on further govt of LA bill,,Feb,8,1805,8,17
Dayton,3,cmte on further govt of LA bill,,Feb,8,1805,8,17
Franklin,3,cmte on further govt of LA bill,,Feb,8,1805,8,17
Gaillard,2,cmte on further govt of LA bill,,Feb,8,1805,8,17
Giles,8,cmte on further govt of LA bill,,Feb,8,1805,8,17
Jackson,2,cmte on further govt of LA bill,,Feb,8,1805,8,17
Logan,1,cmte on further govt of LA bill,,Feb,8,1805,8,17
Maclay,1,cmte on further govt of LA bill,,Feb,8,1805,8,17
Mitchill,1,cmte on further govt of LA bill,,Feb,8,1805,8,17
Pickering,1,cmte on further govt of LA bill,,Feb,8,1805,8,17
J Smith(NY),1,cmte on further govt of LA bill,,Feb,8,1805,8,17
J Smith(OH),2,cmte on further govt of LA bill,,Feb,8,1805,8,17
Is Smith,1,cmte on further govt of LA bill,,Feb,8,1805,8,17
Stone,1,cmte on further govt of LA bill,,Feb,8,1805,8,17
Tracy,4,cmte on further govt of LA bill,,Feb,8,1805,8,17
Adams,1,Cmte on Smith(NY)'s motion for Long Island bridge,,Feb,9,1805,8,17
Anderson,3,Cmte on Smith(NY)'s motion for Long Island bridge,,Feb,9,1805,8,17
Bradley,1,Cmte on Smith(NY)'s motion for Long Island bridge,,Feb,9,1805,8,17
Cocke,2,Cmte on Smith(NY)'s motion for Long Island bridge,,Feb,9,1805,8,17
Condit,1,Cmte on Smith(NY)'s motion for Long Island bridge,,Feb,9,1805,8,17
Dayton,2,Cmte on Smith(NY)'s motion for Long Island bridge,,Feb,9,1805,8,17
Ellery,2,Cmte on Smith(NY)'s motion for Long Island bridge,,Feb,9,1805,8,17
Franklin,1,Cmte on Smith(NY)'s motion for Long Island bridge,,Feb,9,1805,8,17
Gaillard,1,Cmte on Smith(NY)'s motion for Long Island bridge,,Feb,9,1805,8,17
Howland,1,Cmte on Smith(NY)'s motion for Long Island bridge,,Feb,9,1805,8,17
Jackson,2,Cmte on Smith(NY)'s motion for Long Island bridge,,Feb,9,1805,8,17
Logan,4,Cmte on Smith(NY)'s motion for Long Island bridge,,Feb,9,1805,8,17
Maclay,2,Cmte on Smith(NY)'s motion for Long Island bridge,,Feb,9,1805,8,17
Mitchill,11,Cmte on Smith(NY)'s motion for Long Island bridge,,Feb,9,1805,8,17
Olcott,2,Cmte on Smith(NY)'s motion for Long Island bridge,,Feb,9,1805,8,17
Plumer,1,Cmte on Smith(NY)'s motion for Long Island bridge,,Feb,9,1805,8,17
S Smith,2,Cmte on Smith(NY)'s motion for Long Island bridge,,Feb,9,1805,8,17
J Smith(NY),3,Cmte on Smith(NY)'s motion for Long Island bridge,,Feb,9,1805,8,17
Is Smith,3,Cmte on Smith(NY)'s motion for Long Island bridge,,Feb,9,1805,8,17
Stone,2,Cmte on Smith(NY)'s motion for Long Island bridge,,Feb,9,1805,8,17
Tracy,3,Cmte on Smith(NY)'s motion for Long Island bridge,,Feb,9,1805,8,17
White,6,Cmte on Smith(NY)'s motion for Long Island bridge,,Feb,9,1805,8,17
Worthington,1,Cmte on Smith(NY)'s motion for Long Island bridge,,Feb,9,1805,8,17
Wright,6,Cmte on Smith(NY)'s motion for Long Island bridge,,Feb,9,1805,8,17
Adams,1,Cmte on gun boat bill,,Feb,9,1805,8,17
Anderson,1,Cmte on gun boat bill,,Feb,9,1805,8,17
Baldwin,1,Cmte on gun boat bill,,Feb,9,1805,8,17
Bayard,2,Cmte on gun boat bill,,Feb,9,1805,8,17
Bradley,2,Cmte on gun boat bill,,Feb,9,1805,8,17
Breckinridge,1,Cmte on gun boat bill,,Feb,9,1805,8,17
Brown,2,Cmte on gun boat bill,,Feb,9,1805,8,17
Cocke,1,Cmte on gun boat bill,,Feb,9,1805,8,17
Condit,2,Cmte on gun boat bill,,Feb,9,1805,8,17
Dayton,5,Cmte on gun boat bill,,Feb,9,1805,8,17
Ellery,2,Cmte on gun boat bill,,Feb,9,1805,8,17
Franklin,3,Cmte on gun boat bill,,Feb,9,1805,8,17
Giles,1,Cmte on gun boat bill,,Feb,9,1805,8,17
Hillhouse,1,Cmte on gun boat bill,,Feb,9,1805,8,17
Howland,1,Cmte on gun boat bill,,Feb,9,1805,8,17
Jackson,4,Cmte on gun boat bill,,Feb,9,1805,8,17
Logan,1,Cmte on gun boat bill,,Feb,9,1805,8,17
Maclay,1,Cmte on gun boat bill,,Feb,9,1805,8,17
Mitchill,5,Cmte on gun boat bill,,Feb,9,1805,8,17
Pickering,2,Cmte on gun boat bill,,Feb,9,1805,8,17
Plumer,1,Cmte on gun boat bill,,Feb,9,1805,8,17
S Smith,14,Cmte on gun boat bill,,Feb,9,1805,8,17
J Smith(NY),4,Cmte on gun boat bill,,Feb,9,1805,8,17
J Smith(OH),2,Cmte on gun boat bill,,Feb,9,1805,8,17
Stone,3,Cmte on gun boat bill,,Feb,9,1805,8,17
Sumter,4,Cmte on gun boat bill,,Feb,9,1805,8,17
Tracy,2,Cmte on gun boat bill,,Feb,9,1805,8,17
White,2,Cmte on gun boat bill,,Feb,9,1805,8,17
Wright,1,Cmte on gun boat bill,,Feb,9,1805,8,17
Anderson,2,Jt emte to wait on PUS,,Feb,16,1805,8,17
Baldwin,7,Jt emte to wait on PUS,,Feb,16,1805,8,17
Breckinridge,3,Jt emte to wait on PUS,,Feb,16,1805,8,17
Brown,1,Jt emte to wait on PUS,,Feb,16,1805,8,17
Cocke,1,Jt emte to wait on PUS,,Feb,16,1805,8,17
Condit,1,Jt emte to wait on PUS,,Feb,16,1805,8,17
Dayton,4,Jt emte to wait on PUS,,Feb,16,1805,8,17
Franklin,2,Jt emte to wait on PUS,,Feb,16,1805,8,17
Giles,2,Jt emte to wait on PUS,,Feb,16,1805,8,17
Howland,1,Jt emte to wait on PUS,,Feb,16,1805,8,17
Jackson,1,Jt emte to wait on PUS,,Feb,16,1805,8,17
Logan,1,Jt emte to wait on PUS,,Feb,16,1805,8,17
Maclay,2,Jt emte to wait on PUS,,Feb,16,1805,8,17
Mitchill,2,Jt emte to wait on PUS,,Feb,16,1805,8,17
Olcott,1,Jt emte to wait on PUS,,Feb,16,1805,8,17
S Smith,5,Jt emte to wait on PUS,,Feb,16,1805,8,17
J Smith(NY),2,Jt emte to wait on PUS,,Feb,16,1805,8,17
Sumter,3,Jt emte to wait on PUS,,Feb,16,1805,8,17
Tracy,1,Jt emte to wait on PUS,,Feb,16,1805,8,17
Adams,1,Cmte on land warrants bill,,Feb,20,1805,8,18
Anderson,1,Cmte on land warrants bill,,Feb,20,1805,8,18
Baldwin,3,Cmte on land warrants bill,,Feb,20,1805,8,18
Bradley,2,Cmte on land warrants bill,,Feb,20,1805,8,18
Breckinridge,2,Cmte on land warrants bill,,Feb,20,1805,8,18
Brown,2,Cmte on land warrants bill,,Feb,20,1805,8,18
Cocke,2,Cmte on land warrants bill,,Feb,20,1805,8,18
Condit,1,Cmte on land warrants bill,,Feb,20,1805,8,18
Franklin,6,Cmte on land warrants bill,,Feb,20,1805,8,18
Giles,2,Cmte on land warrants bill,,Feb,20,1805,8,18
Hillhouse,1,Cmte on land warrants bill,,Feb,20,1805,8,18
Howland,1,Cmte on land warrants bill,,Feb,20,1805,8,18
Jackson,2,Cmte on land warrants bill,,Feb,20,1805,8,18
Olcott,1,Cmte on land warrants bill,,Feb,20,1805,8,18
J Smith(NY),2,Cmte on land warrants bill,,Feb,20,1805,8,18
J Smith(OH),2,Cmte on land warrants bill,,Feb,20,1805,8,18
Is Smith,2,Cmte on land warrants bill,,Feb,20,1805,8,18
Stone,1,Cmte on land warrants bill,,Feb,20,1805,8,18
Sumter,1,Cmte on land warrants bill,,Feb,20,1805,8,18
Tracy,5,Cmte on land warrants bill,,Feb,20,1805,8,18
Worthington,7,Cmte on land warrants bill,,Feb,20,1805,8,18
Wright,2,Cmte on land warrants bill,,Feb,20,1805,8,18
Adams,5,Jt emte on business session,,Feb,20,1805,8,18
Anderson,2,Jt emte on business session,,Feb,20,1805,8,18
Baldwin,4,Jt emte on business session,,Feb,20,1805,8,18
Bayard,1,Jt emte on business session,,Feb,20,1805,8,18
Bradley,9,Jt emte on business session,,Feb,20,1805,8,18
Breckinridge,3,Jt emte on business session,,Feb,20,1805,8,18
Brown,3,Jt emte on business session,,Feb,20,1805,8,18
Cocke,1,Jt emte on business session,,Feb,20,1805,8,18
Dayton,1,Jt emte on business session,,Feb,20,1805,8,18
Franklin,4,Jt emte on business session,,Feb,20,1805,8,18
Giles,10,Jt emte on business session,,Feb,20,1805,8,18
Howland,1,Jt emte on business session,,Feb,20,1805,8,18
Jackson,10,Jt emte on business session,,Feb,20,1805,8,18
Logan,1,Jt emte on business session,,Feb,20,1805,8,18
Maclay,2,Jt emte on business session,,Feb,20,1805,8,18
Mitchill,2,Jt emte on business session,,Feb,20,1805,8,18
Olcott,1,Jt emte on business session,,Feb,20,1805,8,18
S Smith,2,Jt emte on business session,,Feb,20,1805,8,18
J Smith(OH),1,Jt emte on business session,,Feb,20,1805,8,18
Stone,1,Jt emte on business session,,Feb,20,1805,8,18
Sumter,3,Jt emte on business session,,Feb,20,1805,8,18
Tracy,3,Jt emte on business session,,Feb,20,1805,8,18
Adams,14,Unmarked cmte ballot,,Mar,1,1805,8,18
Anderson,2,Unmarked cmte ballot,,Mar,1,1805,8,18
Baldwin,4,Unmarked cmte ballot,,Mar,1,1805,8,18
Bradley,2,Unmarked cmte ballot,,Mar,1,1805,8,18
Breckinridge,14,Unmarked cmte ballot,,Mar,1,1805,8,18
Brown,5,Unmarked cmte ballot,,Mar,1,1805,8,18
Dayton,5,Unmarked cmte ballot,,Mar,1,1805,8,18
Ellery,1,Unmarked cmte ballot,,Mar,1,1805,8,18
Franklin,2,Unmarked cmte ballot,,Mar,1,1805,8,18
giles,2,Unmarked cmte ballot,,Mar,1,1805,8,18
Logan,1,Unmarked cmte ballot,,Mar,1,1805,8,18
S Smith,5,Unmarked cmte ballot,,Mar,1,1805,8,18
Adams,3,Cmte on J Crouse and others,,Nov,1,1803,8,2
Anderson,3,Cmte on J Crouse and others,,Nov,1,1803,8,2
Bailey,1,Cmte on J Crouse and others,,Nov,1,1803,8,2
Baldwin,9,Cmte on J Crouse and others,,Nov,1,1803,8,2
Bradley,4,Cmte on J Crouse and others,,Nov,1,1803,8,2
Breckinridge,11,Cmte on J Crouse and others,,Nov,1,1803,8,2
Butler,6,Cmte on J Crouse and others,,Nov,1,1803,8,2
Cocke,2,Cmte on J Crouse and others,,Nov,1,1803,8,2
Dayton,4,Cmte on J Crouse and others,,Nov,1,1803,8,2
Ellery,1,Cmte on J Crouse and others,,Nov,1,1803,8,2
Franklin,9,Cmte on J Crouse and others,,Nov,1,1803,8,2
Hillhouse,2,Cmte on J Crouse and others,,Nov,1,1803,8,2
Jackson,4,Cmte on J Crouse and others,,Nov,1,1803,8,2
Logan,3,Cmte on J Crouse and others,,Nov,1,1803,8,2
Olcott,3,Cmte on J Crouse and others,,Nov,1,1803,8,2
Pickering,4,Cmte on J Crouse and others,,Nov,1,1803,8,2
Plumer,1,Cmte on J Crouse and others,,Nov,1,1803,8,2
I Smith,5,Cmte on J Crouse and others,,Nov,1,1803,8,2
J Smith,1,Cmte on J Crouse and others,,Nov,1,1803,8,2
S Smith,1,Cmte on J Crouse and others,,Nov,1,1803,8,2
Stone,1,Cmte on J Crouse and others,,Nov,1,1803,8,2
Taylor,2,Cmte on J Crouse and others,,Nov,1,1803,8,2
Tracy,17,Cmte on J Crouse and others,,Nov,1,1803,8,2
Wells,3,Cmte on J Crouse and others,,Nov,1,1803,8,2
White,2,Cmte on J Crouse and others,,Nov,1,1803,8,2
Worthington,17,Cmte on J Crouse and others,,Nov,1,1803,8,2
Adams,8,Cmte on British Treaty,,Nov,4,1803,8,2
Anderson,2,Cmte on British Treaty,,Nov,4,1803,8,2
Bailey,4,Cmte on British Treaty,,Nov,4,1803,8,2
Baldwin,7,Cmte on British Treaty,,Nov,4,1803,8,2
Bradley,3,Cmte on British Treaty,,Nov,4,1803,8,2
Breckinridge,1,Cmte on British Treaty,,Nov,4,1803,8,2
Butler,5,Cmte on British Treaty,,Nov,4,1803,8,2
Cocke,1,Cmte on British Treaty,,Nov,4,1803,8,2
Dayton,3,Cmte on British Treaty,,Nov,4,1803,8,2
Ellery,2,Cmte on British Treaty,,Nov,4,1803,8,2
Franklin,1,Cmte on British Treaty,,Nov,4,1803,8,2
Jackson,2,Cmte on British Treaty,,Nov,4,1803,8,2
Logan,1,Cmte on British Treaty,,Nov,4,1803,8,2
Maclay,3,Cmte on British Treaty,,Nov,4,1803,8,2
Nicholas,2,Cmte on British Treaty,,Nov,4,1803,8,2
", Potter",1,Cmte on British Treaty,,Nov,4,1803,8,2
I Smith,2,Cmte on British Treaty,,Nov,4,1803,8,2
J Smith,1,Cmte on British Treaty,,Nov,4,1803,8,2
Stone,2,Cmte on British Treaty,,Nov,4,1803,8,2
Taylor,4,Cmte on British Treaty,,Nov,4,1803,8,2
Tracy,8,Cmte on British Treaty,,Nov,4,1803,8,2
Anderson,10,Cmte on transportation of mail,,Nov,4,1803,8,2
Bailey,1,Cmte on transportation of mail,,Nov,4,1803,8,2
Baldwin,2,Cmte on transportation of mail,,Nov,4,1803,8,2
Bradley,6,Cmte on transportation of mail,,Nov,4,1803,8,2
Breckinridge,3,Cmte on transportation of mail,,Nov,4,1803,8,2
Dayton,1,Cmte on transportation of mail,,Nov,4,1803,8,2
Ellery,2,Cmte on transportation of mail,,Nov,4,1803,8,2
Franklin,4,Cmte on transportation of mail,,Nov,4,1803,8,2
Hillhouse,2,Cmte on transportation of mail,,Nov,4,1803,8,2
Jackson,22,Cmte on transportation of mail,,Nov,4,1803,8,2
Logan,2,Cmte on transportation of mail,,Nov,4,1803,8,2
Pickering,1,Cmte on transportation of mail,,Nov,4,1803,8,2
Potter,1,Cmte on transportation of mail,,Nov,4,1803,8,2
J Smith,1,Cmte on transportation of mail,,Nov,4,1803,8,2
Stone,3,Cmte on transportation of mail,,Nov,4,1803,8,2
Taylor,1,Cmte on transportation of mail,,Nov,4,1803,8,2
Tracy,3,Cmte on transportation of mail,,Nov,4,1803,8,2
Wells,1,Cmte on transportation of mail,,Nov,4,1803,8,2
White,3,Cmte on transportation of mail,,Nov,4,1803,8,2
Worthington,2,Cmte on transportation of mail,,Nov,4,1803,8,2
Brown,24,ppt Ballots for pres pro tem,,Nov,7,1803,8,2
Baldwin,2,ppt Ballots for pres pro tem,,Nov,7,1803,8,2
Dayton,2,ppt Ballots for pres pro tem,,Nov,7,1803,8,2
Pickering,1,ppt Ballots for pres pro tem,,Nov,7,1803,8,2
Total,29,ppt Ballots for pres pro tem,,Nov,7,1803,8,2
Majority,15,ppt Ballots for pres pro tem,,Nov,7,1803,8,2
Adams,6,Cmte of 5 on Bill to divide IN territory,,Nov,1,1803,8,2
Baldwin,14,Cmte of 5 on Bill to divide IN territory,,Nov,1,1803,8,2
Bradley,18,Cmte of 5 on Bill to divide IN territory,,Nov,1,1803,8,2
Breckinridge,6,Cmte of 5 on Bill to divide IN territory,,Nov,1,1803,8,2
Butler,3,Cmte of 5 on Bill to divide IN territory,,Nov,1,1803,8,2
Cocke,1,Cmte of 5 on Bill to divide IN territory,,Nov,1,1803,8,2
Condit,1,Cmte of 5 on Bill to divide IN territory,,Nov,1,1803,8,2
Dayton,4,Cmte of 5 on Bill to divide IN territory,,Nov,1,1803,8,2
Ellery,2,Cmte of 5 on Bill to divide IN territory,,Nov,1,1803,8,2
Franklin,8,Cmte of 5 on Bill to divide IN territory,,Nov,1,1803,8,2
Hillhouse,6,Cmte of 5 on Bill to divide IN territory,,Nov,1,1803,8,2
Jackson,7,Cmte of 5 on Bill to divide IN territory,,Nov,1,1803,8,2
Logan,1,Cmte of 5 on Bill to divide IN territory,,Nov,1,1803,8,2
Maclay,2,Cmte of 5 on Bill to divide IN territory,,Nov,1,1803,8,2
Nicholas,2,Cmte of 5 on Bill to divide IN territory,,Nov,1,1803,8,2
Olcott,1,Cmte of 5 on Bill to divide IN territory,,Nov,1,1803,8,2
I Smith,3,Cmte of 5 on Bill to divide IN territory,,Nov,1,1803,8,2
J Smith,3,Cmte of 5 on Bill to divide IN territory,,Nov,1,1803,8,2
Stone,5,Cmte of 5 on Bill to divide IN territory,,Nov,1,1803,8,2
Taylor,2,Cmte of 5 on Bill to divide IN territory,,Nov,1,1803,8,2
Tracy,16,Cmte of 5 on Bill to divide IN territory,,Nov,1,1803,8,2
Wells,3,Cmte of 5 on Bill to divide IN territory,,Nov,1,1803,8,2
Worthington,15,Cmte of 5 on Bill to divide IN territory,,Nov,1,1803,8,2
Anderson,6,Cmte on petition of Rob Quillen,,Nov,7,1803,8,2
Baldwin,4,Cmte on petition of Rob Quillen,,Nov,7,1803,8,2
Bradley,4,Cmte on petition of Rob Quillen,,Nov,7,1803,8,2
Breckinridge,1,Cmte on petition of Rob Quillen,,Nov,7,1803,8,2
Cocke,3,Cmte on petition of Rob Quillen,,Nov,7,1803,8,2
Condit,2,Cmte on petition of Rob Quillen,,Nov,7,1803,8,2
Dayton,3,Cmte on petition of Rob Quillen,,Nov,7,1803,8,2
Ellery,2,Cmte on petition of Rob Quillen,,Nov,7,1803,8,2
franklin,16,Cmte on petition of Rob Quillen,,Nov,7,1803,8,2
Hillhouse,1,Cmte on petition of Rob Quillen,,Nov,7,1803,8,2
Jackson,1,Cmte on petition of Rob Quillen,,Nov,7,1803,8,2
Logan,1,Cmte on petition of Rob Quillen,,Nov,7,1803,8,2
Maclay,4,Cmte on petition of Rob Quillen,,Nov,7,1803,8,2
Nicholas,2,Cmte on petition of Rob Quillen,,Nov,7,1803,8,2
Olcott,3,Cmte on petition of Rob Quillen,,Nov,7,1803,8,2
Pickering,1,Cmte on petition of Rob Quillen,,Nov,7,1803,8,2
Plumer,1,Cmte on petition of Rob Quillen,,Nov,7,1803,8,2
Potter,1,Cmte on petition of Rob Quillen,,Nov,7,1803,8,2
I Smith,1,Cmte on petition of Rob Quillen,,Nov,7,1803,8,2
J Smith,1,Cmte on petition of Rob Quillen,,Nov,7,1803,8,2
Stone,1,Cmte on petition of Rob Quillen,,Nov,7,1803,8,2
Taylor,1,Cmte on petition of Rob Quillen,,Nov,7,1803,8,2
Tracy,7,Cmte on petition of Rob Quillen,,Nov,7,1803,8,2
Worthington,1,Cmte on petition of Rob Quillen,,Nov,7,1803,8,2
Wright,1,Cmte on petition of Rob Quillen,,Nov,7,1803,8,2
Adams,2,Cmte to enquire into distribution of laws,,Nov,12,1804,8,2
Baldwin,8,Cmte to enquire into distribution of laws,,Nov,12,1804,8,2
Bradley,2,Cmte to enquire into distribution of laws,,Nov,12,1804,8,2
franklin,5,Cmte to enquire into distribution of laws,,Nov,12,1804,8,2
Giles,4,Cmte to enquire into distribution of laws,,Nov,12,1804,8,2
Logan,1,Cmte to enquire into distribution of laws,,Nov,12,1804,8,2
Moore,1,Cmte to enquire into distribution of laws,,Nov,12,1804,8,2
Plumer,2,Cmte to enquire into distribution of laws,,Nov,12,1804,8,2
I Smith,2,Cmte to enquire into distribution of laws,,Nov,12,1804,8,2
Stone,4,Cmte to enquire into distribution of laws,,Nov,12,1804,8,2
Sumter,1,Cmte to enquire into distribution of laws,,Nov,12,1804,8,2
Tracy,12,Cmte to enquire into distribution of laws,,Nov,12,1804,8,2
White,2,Cmte to enquire into distribution of laws,,Nov,12,1804,8,2
Worthington,1,Cmte to enquire into distribution of laws,,Nov,12,1804,8,2
Adams,4,Cmte respecting impeachment of Pickering,,Nov,14,1803,8,2
Bailey,2,Cmte respecting impeachment of Pickering,,Nov,14,1803,8,2
Baldwin,13,Cmte respecting impeachment of Pickering,,Nov,14,1803,8,2
Bradley,15,Cmte respecting impeachment of Pickering,,Nov,14,1803,8,2
Breckinridge,4,Cmte respecting impeachment of Pickering,,Nov,14,1803,8,2
Butler,4,Cmte respecting impeachment of Pickering,,Nov,14,1803,8,2
Cocke,7,Cmte respecting impeachment of Pickering,,Nov,14,1803,8,2
Dayton,1,Cmte respecting impeachment of Pickering,,Nov,14,1803,8,2
Franklin,3,Cmte respecting impeachment of Pickering,,Nov,14,1803,8,2
Hillhouse,1,Cmte respecting impeachment of Pickering,,Nov,14,1803,8,2
Jackson,4,Cmte respecting impeachment of Pickering,,Nov,14,1803,8,2
Maclay,4,Cmte respecting impeachment of Pickering,,Nov,14,1803,8,2
Nicholas,4,Cmte respecting impeachment of Pickering,,Nov,14,1803,8,2
Olcott,2,Cmte respecting impeachment of Pickering,,Nov,14,1803,8,2
Pickering,1,Cmte respecting impeachment of Pickering,,Nov,14,1803,8,2
Plumer,1,Cmte respecting impeachment of Pickering,,Nov,14,1803,8,2
I Smith,3,Cmte respecting impeachment of Pickering,,Nov,14,1803,8,2
J Smith,1,Cmte respecting impeachment of Pickering,,Nov,14,1803,8,2
Taylor,7,Cmte respecting impeachment of Pickering,,Nov,14,1803,8,2
Tracy,17,Cmte respecting impeachment of Pickering,,Nov,14,1803,8,2
Wells,4,Cmte respecting impeachment of Pickering,,Nov,14,1803,8,2
White,4,Cmte respecting impeachment of Pickering,,Nov,14,1803,8,2
Wright,11,Cmte respecting impeachment of Pickering,,Nov,14,1803,8,2
Adams,3,Cmte on motion to reprint laws,,Nov,14,1803,8,3
Anderson,1,Cmte on motion to reprint laws,,Nov,14,1803,8,3
Bailey,1,Cmte on motion to reprint laws,,Nov,14,1803,8,3
Baldwin,4,Cmte on motion to reprint laws,,Nov,14,1803,8,3
Bradley,1,Cmte on motion to reprint laws,,Nov,14,1803,8,3
Breckinridge,1,Cmte on motion to reprint laws,,Nov,14,1803,8,3
Butler,1,Cmte on motion to reprint laws,,Nov,14,1803,8,3
Condit,3,Cmte on motion to reprint laws,,Nov,14,1803,8,3
Dayton,1,Cmte on motion to reprint laws,,Nov,14,1803,8,3
Ellery,2,Cmte on motion to reprint laws,,Nov,14,1803,8,3
Franklin,2,Cmte on motion to reprint laws,,Nov,14,1803,8,3
Hillhouse,1,Cmte on motion to reprint laws,,Nov,14,1803,8,3
Jackson,2,Cmte on motion to reprint laws,,Nov,14,1803,8,3
Logan,1,Cmte on motion to reprint laws,,Nov,14,1803,8,3
Maclay,1,Cmte on motion to reprint laws,,Nov,14,1803,8,3
Nicholas,3,Cmte on motion to reprint laws,,Nov,14,1803,8,3
Pickering,1,Cmte on motion to reprint laws,,Nov,14,1803,8,3
Plumer,3,Cmte on motion to reprint laws,,Nov,14,1803,8,3
I Smith,3,Cmte on motion to reprint laws,,Nov,14,1803,8,3
J Smith,1,Cmte on motion to reprint laws,,Nov,14,1803,8,3
Stone,5,Cmte on motion to reprint laws,,Nov,14,1803,8,3
Tracy,16,Cmte on motion to reprint laws,,Nov,14,1803,8,3
Wells,1,Cmte on motion to reprint laws,,Nov,14,1803,8,3
White,2,Cmte on motion to reprint laws,,Nov,14,1803,8,3
Wright,2,Cmte on motion to reprint laws,,Nov,14,1803,8,3
Adams,8,Cmte on British Treaty,,Nov,15,1803,8,3
Baldwin,5,Cmte on British Treaty,,Nov,15,1803,8,3
Breckinridge,6,Cmte on British Treaty,,Nov,15,1803,8,3
Dayton,3,Cmte on British Treaty,,Nov,15,1803,8,3
Hillhouse,3,Cmte on British Treaty,,Nov,15,1803,8,3
Jackson,1,Cmte on British Treaty,,Nov,15,1803,8,3
Nicholas,7,Cmte on British Treaty,,Nov,15,1803,8,3
Pickering,6,Cmte on British Treaty,,Nov,15,1803,8,3
Stone,3,Cmte on British Treaty,,Nov,15,1803,8,3
Taylor,2,Cmte on British Treaty,,Nov,15,1803,8,3
Tracy,3,Cmte on British Treaty,,Nov,15,1803,8,3
Wells,6,Cmte on British Treaty,,Nov,15,1803,8,3
White,1,Cmte on British Treaty,,Nov,15,1803,8,3
Worthington,4,Cmte on British Treaty,,Nov,15,1803,8,3
Wright,7,Cmte on British Treaty,,Nov,15,1803,8,3
Anderson,10,Cmte on New Orleans Bill,,Nov,16,1803,8,3
Bailey,4,Cmte on New Orleans Bill,,Nov,16,1803,8,3
Baldwin,3,Cmte on New Orleans Bill,,Nov,16,1803,8,3
Breckinridge,7,Cmte on New Orleans Bill,,Nov,16,1803,8,3
Butler,1,Cmte on New Orleans Bill,,Nov,16,1803,8,3
Condit,2,Cmte on New Orleans Bill,,Nov,16,1803,8,3
Dayton,1,Cmte on New Orleans Bill,,Nov,16,1803,8,3
Ellery,3,Cmte on New Orleans Bill,,Nov,16,1803,8,3
Franklin,6,Cmte on New Orleans Bill,,Nov,16,1803,8,3
Hillhouse,1,Cmte on New Orleans Bill,,Nov,16,1803,8,3
Logan,2,Cmte on New Orleans Bill,,Nov,16,1803,8,3
Plumer,3,Cmte on New Orleans Bill,,Nov,16,1803,8,3
J Smith,1,Cmte on New Orleans Bill,,Nov,16,1803,8,3
Stone,3,Cmte on New Orleans Bill,,Nov,16,1803,8,3
Taylor,2,Cmte on New Orleans Bill,,Nov,16,1803,8,3
Tracy,2,Cmte on New Orleans Bill,,Nov,16,1803,8,3
Anderson,2,emte on motion for Sec of T to furnish statements,,Nov,17,1803,8,3
Bailey,2,emte on motion for Sec of T to furnish statements,,Nov,17,1803,8,3
Baldwin,2,emte on motion for Sec of T to furnish statements,,Nov,17,1803,8,3
Bradley,17,emte on motion for Sec of T to furnish statements,,Nov,17,1803,8,3
Breckinridge,2,emte on motion for Sec of T to furnish statements,,Nov,17,1803,8,3
Butler,1,emte on motion for Sec of T to furnish statements,,Nov,17,1803,8,3
Cocke,2,emte on motion for Sec of T to furnish statements,,Nov,17,1803,8,3
Ellery,2,emte on motion for Sec of T to furnish statements,,Nov,17,1803,8,3
Franklin,2,emte on motion for Sec of T to furnish statements,,Nov,17,1803,8,3
Jackson,2,emte on motion for Sec of T to furnish statements,,Nov,17,1803,8,3
Logan,2,emte on motion for Sec of T to furnish statements,,Nov,17,1803,8,3
Maclay,1,emte on motion for Sec of T to furnish statements,,Nov,17,1803,8,3
Nicholas,2,emte on motion for Sec of T to furnish statements,,Nov,17,1803,8,3
Plumer,1,emte on motion for Sec of T to furnish statements,,Nov,17,1803,8,3
Stone,4,emte on motion for Sec of T to furnish statements,,Nov,17,1803,8,3
Taylor,2,emte on motion for Sec of T to furnish statements,,Nov,17,1803,8,3
Tracy,12,emte on motion for Sec of T to furnish statements,,Nov,17,1803,8,3
Wells,1,emte on motion for Sec of T to furnish statements,,Nov,17,1803,8,3
Adams,11,Cmte on Morocco bill,,Nov,22,1803,8,3
Anderson,2,Cmte on Morocco bill,,Nov,22,1803,8,3
Bailey,1,Cmte on Morocco bill,,Nov,22,1803,8,3
Baldwin,3,Cmte on Morocco bill,,Nov,22,1803,8,3
Bradley,3,Cmte on Morocco bill,,Nov,22,1803,8,3
Breckinridge,3,Cmte on Morocco bill,,Nov,22,1803,8,3
Butler,4,Cmte on Morocco bill,,Nov,22,1803,8,3
Dayton,3,Cmte on Morocco bill,,Nov,22,1803,8,3
Franklin,3,Cmte on Morocco bill,,Nov,22,1803,8,3
Hillhouse,2,Cmte on Morocco bill,,Nov,22,1803,8,3
Jackson,5,Cmte on Morocco bill,,Nov,22,1803,8,3
Logan,1,Cmte on Morocco bill,,Nov,22,1803,8,3
Maclay,2,Cmte on Morocco bill,,Nov,22,1803,8,3
Nicholas,2,Cmte on Morocco bill,,Nov,22,1803,8,3
Pickering,1,Cmte on Morocco bill,,Nov,22,1803,8,3
S Smith,20,Cmte on Morocco bill,,Nov,22,1803,8,3
Stone,4,Cmte on Morocco bill,,Nov,22,1803,8,3
Taylor,3,Cmte on Morocco bill,,Nov,22,1803,8,3
Wright,5,Cmte on Morocco bill,,Nov,22,1803,8,3
Adams,4,Cmte on salary bill,,Nov,23,1803,8,3
Bailey,5,Cmte on salary bill,,Nov,23,1803,8,3
Baldwin,8,Cmte on salary bill,,Nov,23,1803,8,3
Bradley,9,Cmte on salary bill,,Nov,23,1803,8,3
", Butler",2,Cmte on salary bill,,Nov,23,1803,8,3
Condit,2,Cmte on salary bill,,Nov,23,1803,8,3
ellery,3,Cmte on salary bill,,Nov,23,1803,8,3
Franklin,5,Cmte on salary bill,,Nov,23,1803,8,3
Jackson,2,Cmte on salary bill,,Nov,23,1803,8,3
Logan,4,Cmte on salary bill,,Nov,23,1803,8,3
Maclay,1,Cmte on salary bill,,Nov,23,1803,8,3
Nicholas,3,Cmte on salary bill,,Nov,23,1803,8,3
Plumer,1,Cmte on salary bill,,Nov,23,1803,8,3
I Smith,4,Cmte on salary bill,,Nov,23,1803,8,3
S Smith,6,Cmte on salary bill,,Nov,23,1803,8,3
J Smith,1,Cmte on salary bill,,Nov,23,1803,8,3
Stone,4,Cmte on salary bill,,Nov,23,1803,8,3
Taylor,3,Cmte on salary bill,,Nov,23,1803,8,3
Tracy,4,Cmte on salary bill,,Nov,23,1803,8,3
Wells,2,Cmte on salary bill,,Nov,23,1803,8,3
Worthington,1,Cmte on salary bill,,Nov,23,1803,8,3
Adams,4,Cmte on Spanish Treaty,,Nov,25,1803,8,3
Anderson,1,Cmte on Spanish Treaty,,Nov,25,1803,8,3
Baldwin,6,Cmte on Spanish Treaty,,Nov,25,1803,8,3
Bradley,16,Cmte on Spanish Treaty,,Nov,25,1803,8,3
Butler,3,Cmte on Spanish Treaty,,Nov,25,1803,8,3
Condit,1,Cmte on Spanish Treaty,,Nov,25,1803,8,3
Dayton,5,Cmte on Spanish Treaty,,Nov,25,1803,8,3
Ellery,2,Cmte on Spanish Treaty,,Nov,25,1803,8,3
Franklin,2,Cmte on Spanish Treaty,,Nov,25,1803,8,3
Jackson,8,Cmte on Spanish Treaty,,Nov,25,1803,8,3
Logan,1,Cmte on Spanish Treaty,,Nov,25,1803,8,3
Nicholas,1,Cmte on Spanish Treaty,,Nov,25,1803,8,3
Olcott,1,Cmte on Spanish Treaty,,Nov,25,1803,8,3
Pickering,4,Cmte on Spanish Treaty,,Nov,25,1803,8,3
Potter,1,Cmte on Spanish Treaty,,Nov,25,1803,8,3
I Smith,1,Cmte on Spanish Treaty,,Nov,25,1803,8,3
S Smith,4,Cmte on Spanish Treaty,,Nov,25,1803,8,3
Stone,2,Cmte on Spanish Treaty,,Nov,25,1803,8,3
Tracy,2,Cmte on Spanish Treaty,,Nov,25,1803,8,3
Wells,1,Cmte on Spanish Treaty,,Nov,25,1803,8,3
Anderson,2,Cmte on James Simons petition,,Dec,1,1803,8,3
Baldwin,5,Cmte on James Simons petition,,Dec,1,1803,8,3
Bradley,7,Cmte on James Simons petition,,Dec,1,1803,8,3
Butler,15,Cmte on James Simons petition,,Dec,1,1803,8,3
Cocke,2,Cmte on James Simons petition,,Dec,1,1803,8,3
Dayton,7,Cmte on James Simons petition,,Dec,1,1803,8,3
Ellery,1,Cmte on James Simons petition,,Dec,1,1803,8,3
franklin,1,Cmte on James Simons petition,,Dec,1,1803,8,3
Jackson,8,Cmte on James Simons petition,,Dec,1,1803,8,3
Plumer,2,Cmte on James Simons petition,,Dec,1,1803,8,3
S Smith,3,Cmte on James Simons petition,,Dec,1,1803,8,3
Stone,2,Cmte on James Simons petition,,Dec,1,1803,8,3
Tracy,4,Cmte on James Simons petition,,Dec,1,1803,8,3
White,3,Cmte on James Simons petition,,Dec,1,1803,8,3
Worthington,1,Cmte on James Simons petition,,Dec,1,1803,8,3
Bailey,1,Cmte on Naval Armament,,Dec,2,1803,8,4
Baldwin,2,Cmte on Naval Armament,,Dec,2,1803,8,4
Bradley,4,Cmte on Naval Armament,,Dec,2,1803,8,4
Breckinridge,2,Cmte on Naval Armament,,Dec,2,1803,8,4
Cocke,2,Cmte on Naval Armament,,Dec,2,1803,8,4
Dayton,1,Cmte on Naval Armament,,Dec,2,1803,8,4
Ellery,6,Cmte on Naval Armament,,Dec,2,1803,8,4
Franklin,2,Cmte on Naval Armament,,Dec,2,1803,8,4
Jackson,6,Cmte on Naval Armament,,Dec,2,1803,8,4
Maclay,1,Cmte on Naval Armament,,Dec,2,1803,8,4
Nicholas,2,Cmte on Naval Armament,,Dec,2,1803,8,4
I Smith,9,Cmte on Naval Armament,,Dec,2,1803,8,4
S Smith,21,Cmte on Naval Armament,,Dec,2,1803,8,4
J Smith,7,Cmte on Naval Armament,,Dec,2,1803,8,4
Tracy,1,Cmte on Naval Armament,,Dec,2,1803,8,4
White,1,Cmte on Naval Armament,,Dec,2,1803,8,4
Adams,7,Cmte to propose a form of govt for LA,,Dec,5,1803,8,4
Anderson,1,Cmte to propose a form of govt for LA,,Dec,5,1803,8,4
Baldwin,9,Cmte to propose a form of govt for LA,,Dec,5,1803,8,4
Bradley,4,Cmte to propose a form of govt for LA,,Dec,5,1803,8,4
Breckinridge,16,Cmte to propose a form of govt for LA,,Dec,5,1803,8,4
Butler,1,Cmte to propose a form of govt for LA,,Dec,5,1803,8,4
Cocke,1,Cmte to propose a form of govt for LA,,Dec,5,1803,8,4
Dayton,6,Cmte to propose a form of govt for LA,,Dec,5,1803,8,4
Ellery,1,Cmte to propose a form of govt for LA,,Dec,5,1803,8,4
Franklin,6,Cmte to propose a form of govt for LA,,Dec,5,1803,8,4
Hillhouse,1,Cmte to propose a form of govt for LA,,Dec,5,1803,8,4
Jackson,13,Cmte to propose a form of govt for LA,,Dec,5,1803,8,4
Logan,1,Cmte to propose a form of govt for LA,,Dec,5,1803,8,4
Maclay,1,Cmte to propose a form of govt for LA,,Dec,5,1803,8,4
Pickering,2,Cmte to propose a form of govt for LA,,Dec,5,1803,8,4
Plumer,1,Cmte to propose a form of govt for LA,,Dec,5,1803,8,4
Potter,1,Cmte to propose a form of govt for LA,,Dec,5,1803,8,4
I Smith,4,Cmte to propose a form of govt for LA,,Dec,5,1803,8,4
S Smith,4,Cmte to propose a form of govt for LA,,Dec,5,1803,8,4
J Smith,1,Cmte to propose a form of govt for LA,,Dec,5,1803,8,4
Stone,6,Cmte to propose a form of govt for LA,,Dec,5,1803,8,4
Tracy,6,Cmte to propose a form of govt for LA,,Dec,5,1803,8,4
Wells,1,Cmte to propose a form of govt for LA,,Dec,5,1803,8,4
Worthington,6,Cmte to propose a form of govt for LA,,Dec,5,1803,8,4
Wright,14,Cmte to propose a form of govt for LA,,Dec,5,1803,8,4
Adams,2,Cmte on TN Laws,,Dec,5,1803,8,4
Anderson,6,Cmte on TN Laws,,Dec,5,1803,8,4
Baldwin,6,Cmte on TN Laws,,Dec,5,1803,8,4
Bradley,2,Cmte on TN Laws,,Dec,5,1803,8,4
Breckinridge,7,Cmte on TN Laws,,Dec,5,1803,8,4
Butler,1,Cmte on TN Laws,,Dec,5,1803,8,4
Cocke,2,Cmte on TN Laws,,Dec,5,1803,8,4
Ellery,1,Cmte on TN Laws,,Dec,5,1803,8,4
Franklin,1,Cmte on TN Laws,,Dec,5,1803,8,4
Hillhouse,1,Cmte on TN Laws,,Dec,5,1803,8,4
Jackson,1,Cmte on TN Laws,,Dec,5,1803,8,4
Olcott,1,Cmte on TN Laws,,Dec,5,1803,8,4
Pickering,2,Cmte on TN Laws,,Dec,5,1803,8,4
Plumer,1,Cmte on TN Laws,,Dec,5,1803,8,4
Is Smith,2,Cmte on TN Laws,,Dec,5,1803,8,4
S Smith,3,Cmte on TN Laws,,Dec,5,1803,8,4
Stone,2,Cmte on TN Laws,,Dec,5,1803,8,4
Tracy,8,Cmte on TN Laws,,Dec,5,1803,8,4
White,1,Cmte on TN Laws,,Dec,5,1803,8,4
Wright,1,Cmte on TN Laws,,Dec,5,1803,8,4
Adams,4,Cmte on certain crimes,,Dec,9,1803,8,4
Armstrong,5,Cmte on certain crimes,,Dec,9,1803,8,4
Baldwin,12,Cmte on certain crimes,,Dec,9,1803,8,4
Breckinridge,1,Cmte on certain crimes,,Dec,9,1803,8,4
Brown,4,Cmte on certain crimes,,Dec,9,1803,8,4
Butler,1,Cmte on certain crimes,,Dec,9,1803,8,4
Dayton,4,Cmte on certain crimes,,Dec,9,1803,8,4
Ellery,2,Cmte on certain crimes,,Dec,9,1803,8,4
Logan,1,Cmte on certain crimes,,Dec,9,1803,8,4
Maclay,1,Cmte on certain crimes,,Dec,9,1803,8,4
Pickering,1,Cmte on certain crimes,,Dec,9,1803,8,4
Plumer,1,Cmte on certain crimes,,Dec,9,1803,8,4
Potter,1,Cmte on certain crimes,,Dec,9,1803,8,4
Is Smith,3,Cmte on certain crimes,,Dec,9,1803,8,4
S Smith,17,Cmte on certain crimes,,Dec,9,1803,8,4
Armstrong,1,Cmte on Butler's motion for new rule,,Dec,12,1803,8,4
Bailey,1,Cmte on Butler's motion for new rule,,Dec,12,1803,8,4
Baldwin,8,Cmte on Butler's motion for new rule,,Dec,12,1803,8,4
Bradley,2,Cmte on Butler's motion for new rule,,Dec,12,1803,8,4
Breckinridge,1,Cmte on Butler's motion for new rule,,Dec,12,1803,8,4
Brown,6,Cmte on Butler's motion for new rule,,Dec,12,1803,8,4
Butler,7,Cmte on Butler's motion for new rule,,Dec,12,1803,8,4
Cocke,3,Cmte on Butler's motion for new rule,,Dec,12,1803,8,4
Dayton,13,Cmte on Butler's motion for new rule,,Dec,12,1803,8,4
Franklin,1,Cmte on Butler's motion for new rule,,Dec,12,1803,8,4
Jackson,2,Cmte on Butler's motion for new rule,,Dec,12,1803,8,4
Logan,1,Cmte on Butler's motion for new rule,,Dec,12,1803,8,4
Pickering,1,Cmte on Butler's motion for new rule,,Dec,12,1803,8,4
Is Smith,1,Cmte on Butler's motion for new rule,,Dec,12,1803,8,4
J Smith,1,Cmte on Butler's motion for new rule,,Dec,12,1803,8,4
S Smith,1,Cmte on Butler's motion for new rule,,Dec,12,1803,8,4
Stone,1,Cmte on Butler's motion for new rule,,Dec,12,1803,8,4
Tracy,15,Cmte on Butler's motion for new rule,,Dec,12,1803,8,4
White,7,Cmte on Butler's motion for new rule,,Dec,12,1803,8,4
Adams,5,Cmte on protection of Am seamen,,Dec,12,1803,8,4
Armstrong,7,Cmte on protection of Am seamen,,Dec,12,1803,8,4
Baldwin,4,Cmte on protection of Am seamen,,Dec,12,1803,8,4
Bradley,3,Cmte on protection of Am seamen,,Dec,12,1803,8,4
Breckinridge,2,Cmte on protection of Am seamen,,Dec,12,1803,8,4
Butler,1,Cmte on protection of Am seamen,,Dec,12,1803,8,4
Dayton,9,Cmte on protection of Am seamen,,Dec,12,1803,8,4
Hillhouse,2,Cmte on protection of Am seamen,,Dec,12,1803,8,4
Jackson,2,Cmte on protection of Am seamen,,Dec,12,1803,8,4
Logan,2,Cmte on protection of Am seamen,,Dec,12,1803,8,4
Maclay,1,Cmte on protection of Am seamen,,Dec,12,1803,8,4
Pickering,2,Cmte on protection of Am seamen,,Dec,12,1803,8,4
Plumer,1,Cmte on protection of Am seamen,,Dec,12,1803,8,4
Potter,3,Cmte on protection of Am seamen,,Dec,12,1803,8,4
Is Smith,2,Cmte on protection of Am seamen,,Dec,12,1803,8,4
S Smith,23,Cmte on protection of Am seamen,,Dec,12,1803,8,4
J Smith,1,Cmte on protection of Am seamen,,Dec,12,1803,8,4
Tracy,1,Cmte on protection of Am seamen,,Dec,12,1803,8,4
Worthington,3,Cmte on protection of Am seamen,,Dec,12,1803,8,4
" Wertlongion,",9,Cmte on bill for relief of certain officers,,Dec,14,1803,8,4
Adams,3,Cmte on bill for relief of certain officers,,Dec,14,1803,8,4
Armstrong,1,Cmte on bill for relief of certain officers,,Dec,14,1803,8,4
Baldwin,1,Cmte on bill for relief of certain officers,,Dec,14,1803,8,4
Bradley,2,Cmte on bill for relief of certain officers,,Dec,14,1803,8,4
Breckinridge,2,Cmte on bill for relief of certain officers,,Dec,14,1803,8,4
Cocke,2,Cmte on bill for relief of certain officers,,Dec,14,1803,8,4
Ellery,1,Cmte on bill for relief of certain officers,,Dec,14,1803,8,4
Franklin,6,Cmte on bill for relief of certain officers,,Dec,14,1803,8,4
Hillhouse,2,Cmte on bill for relief of certain officers,,Dec,14,1803,8,4
Jackson,2,Cmte on bill for relief of certain officers,,Dec,14,1803,8,4
Logan,7,Cmte on bill for relief of certain officers,,Dec,14,1803,8,4
Maclay,3,Cmte on bill for relief of certain officers,,Dec,14,1803,8,4
Pickering,1,Cmte on bill for relief of certain officers,,Dec,14,1803,8,4
Plumer,1,Cmte on bill for relief of certain officers,,Dec,14,1803,8,4
Potter,1,Cmte on bill for relief of certain officers,,Dec,14,1803,8,4
Is Smith,1,Cmte on bill for relief of certain officers,,Dec,14,1803,8,4
S Smith,6,Cmte on bill for relief of certain officers,,Dec,14,1803,8,4
Worthington,9,Cmte on bill for relief of certain officers,,Dec,14,1803,8,4
Adams,1,Cmte on importation of certain persons,,Dec,16,1803,8,4
Armstrong,1,Cmte on importation of certain persons,,Dec,16,1803,8,4
Bailey,1,Cmte on importation of certain persons,,Dec,16,1803,8,4
Baldwin,5,Cmte on importation of certain persons,,Dec,16,1803,8,4
Bradley,1,Cmte on importation of certain persons,,Dec,16,1803,8,4
Breckinridge,1,Cmte on importation of certain persons,,Dec,16,1803,8,4
Brown,2,Cmte on importation of certain persons,,Dec,16,1803,8,4
Cocke,1,Cmte on importation of certain persons,,Dec,16,1803,8,4
Franklin,17,Cmte on importation of certain persons,,Dec,16,1803,8,4
Hillhouse,1,Cmte on importation of certain persons,,Dec,16,1803,8,4
Jackson,4,Cmte on importation of certain persons,,Dec,16,1803,8,4
Logan,1,Cmte on importation of certain persons,,Dec,16,1803,8,4
Maclay,2,Cmte on importation of certain persons,,Dec,16,1803,8,4
Pickering,1,Cmte on importation of certain persons,,Dec,16,1803,8,4
Plumer,1,Cmte on importation of certain persons,,Dec,16,1803,8,4
Smith,5,Cmte on importation of certain persons,,Dec,16,1803,8,4
S Smith,5,Cmte on importation of certain persons,,Dec,16,1803,8,4
J Smith,1,Cmte on importation of certain persons,,Dec,16,1803,8,4
Venable,7,Cmte on importation of certain persons,,Dec,16,1803,8,4
Worthington,1,Cmte on importation of certain persons,,Dec,16,1803,8,4
Armstrong,2,Cmte on saltpeter,,Dec,16,1803,8,5
Bailey,3,Cmte on saltpeter,,Dec,16,1803,8,5
Baldwin,4,Cmte on saltpeter,,Dec,16,1803,8,5
Bradley,5,Cmte on saltpeter,,Dec,16,1803,8,5
Brown,5,Cmte on saltpeter,,Dec,16,1803,8,5
Cocke,1,Cmte on saltpeter,,Dec,16,1803,8,5
Condit,1,Cmte on saltpeter,,Dec,16,1803,8,5
Dayton,1,Cmte on saltpeter,,Dec,16,1803,8,5
Franklin,4,Cmte on saltpeter,,Dec,16,1803,8,5
Hillhouse,1,Cmte on saltpeter,,Dec,16,1803,8,5
Jackson,2,Cmte on saltpeter,,Dec,16,1803,8,5
Maclay,1,Cmte on saltpeter,,Dec,16,1803,8,5
Pickering,1,Cmte on saltpeter,,Dec,16,1803,8,5
Is Smith,3,Cmte on saltpeter,,Dec,16,1803,8,5
S Smith,21,Cmte on saltpeter,,Dec,16,1803,8,5
Tracy,14,Cmte on saltpeter,,Dec,16,1803,8,5
Venable,2,Cmte on saltpeter,,Dec,16,1803,8,5
White,1,Cmte on saltpeter,,Dec,16,1803,8,5
Adams,1,Cmte on Indian claims,,Dec,16,1803,8,5
Baldwin,4,Cmte on Indian claims,,Dec,16,1803,8,5
Bradley,9,Cmte on Indian claims,,Dec,16,1803,8,5
Breckinridge,5,Cmte on Indian claims,,Dec,16,1803,8,5
Brown,6,Cmte on Indian claims,,Dec,16,1803,8,5
Cocke,7,Cmte on Indian claims,,Dec,16,1803,8,5
Condit,3,Cmte on Indian claims,,Dec,16,1803,8,5
Dayton,4,Cmte on Indian claims,,Dec,16,1803,8,5
Ellery,1,Cmte on Indian claims,,Dec,16,1803,8,5
Franklin,2,Cmte on Indian claims,,Dec,16,1803,8,5
Jackson,3,Cmte on Indian claims,,Dec,16,1803,8,5
Maclay,2,Cmte on Indian claims,,Dec,16,1803,8,5
Olcott,1,Cmte on Indian claims,,Dec,16,1803,8,5
Pickering,2,Cmte on Indian claims,,Dec,16,1803,8,5
Is Smith,3,Cmte on Indian claims,,Dec,16,1803,8,5
Tracy,3,Cmte on Indian claims,,Dec,16,1803,8,5
Venable,1,Cmte on Indian claims,,Dec,16,1803,8,5
Worthington,4,Cmte on Indian claims,,Dec,16,1803,8,5
Adams,3,Cmte on US laws in LA,,Dec,20,1803,8,5
Armstrong,19,Cmte on US laws in LA,,Dec,20,1803,8,5
Anderson,16,Cmte on US laws in LA,,Dec,20,1803,8,5
Baldwin,4,Cmte on US laws in LA,,Dec,20,1803,8,5
Bradley,3,Cmte on US laws in LA,,Dec,20,1803,8,5
Breckinridge,18,Cmte on US laws in LA,,Dec,20,1803,8,5
Brown,3,Cmte on US laws in LA,,Dec,20,1803,8,5
Cocke,2,Cmte on US laws in LA,,Dec,20,1803,8,5
Dayton,14,Cmte on US laws in LA,,Dec,20,1803,8,5
Franklin,1,Cmte on US laws in LA,,Dec,20,1803,8,5
Hillhouse,1,Cmte on US laws in LA,,Dec,20,1803,8,5
Jackson,3,Cmte on US laws in LA,,Dec,20,1803,8,5
Maclay,1,Cmte on US laws in LA,,Dec,20,1803,8,5
Pickering,1,Cmte on US laws in LA,,Dec,20,1803,8,5
Plumer,1,Cmte on US laws in LA,,Dec,20,1803,8,5
Is Smith,1,Cmte on US laws in LA,,Dec,20,1803,8,5
S Smith,20,Cmte on US laws in LA,,Dec,20,1803,8,5
Tracy,6,Cmte on US laws in LA,,Dec,20,1803,8,5
Venable,1,Cmte on US laws in LA,,Dec,20,1803,8,5
White,2,Cmte on US laws in LA,,Dec,20,1803,8,5
Armstrong,1,Cmte on British treaty,,Dec,21,1803,8,5
Baldwin,4,Cmte on British treaty,,Dec,21,1803,8,5
Bradley,1,Cmte on British treaty,,Dec,21,1803,8,5
Breckinridge,1,Cmte on British treaty,,Dec,21,1803,8,5
Brown,2,Cmte on British treaty,,Dec,21,1803,8,5
Dayton,2,Cmte on British treaty,,Dec,21,1803,8,5
Pickering,1,Cmte on British treaty,,Dec,21,1803,8,5
Is Smith,1,Cmte on British treaty,,Dec,21,1803,8,5
Tracy,2,Cmte on British treaty,,Dec,21,1803,8,5
Venable,12,Cmte on British treaty,,Dec,21,1803,8,5
Adams,9,Cmte on punishment of certain crimes - 2 members,,Dec,22,1803,8,5
Anderson,8,Cmte on punishment of certain crimes - 2 members,,Dec,22,1803,8,5
Bradley,2,Cmte on punishment of certain crimes - 2 members,,Dec,22,1803,8,5
Breckinridge,14,Cmte on punishment of certain crimes - 2 members,,Dec,22,1803,8,5
Brown,1,Cmte on punishment of certain crimes - 2 members,,Dec,22,1803,8,5
Dayton,2,Cmte on punishment of certain crimes - 2 members,,Dec,22,1803,8,5
Jackson,4,Cmte on punishment of certain crimes - 2 members,,Dec,22,1803,8,5
Brown,1,Cmte sub for Logan on bill for sufferers by PA insurgents,,Dec,22,1803,8,5
Condit,1,Cmte sub for Logan on bill for sufferers by PA insurgents,,Dec,22,1803,8,5
Dayton,1,Cmte sub for Logan on bill for sufferers by PA insurgents,,Dec,22,1803,8,5
Maclay,11,Cmte sub for Logan on bill for sufferers by PA insurgents,,Dec,22,1803,8,5
Pickering,1,Cmte sub for Logan on bill for sufferers by PA insurgents,,Dec,22,1803,8,5
Is Smith,1,Cmte sub for Logan on bill for sufferers by PA insurgents,,Dec,22,1803,8,5
Adams,1,cmte of conference on salary bill,,Dec,22,1803,8,5
Armstrong,1,cmte of conference on salary bill,,Dec,22,1803,8,5
Anderson,5,cmte of conference on salary bill,,Dec,22,1803,8,5
Bradley,20,cmte of conference on salary bill,,Dec,22,1803,8,5
Breckinridge,1,cmte of conference on salary bill,,Dec,22,1803,8,5
Dayton,1,cmte of conference on salary bill,,Dec,22,1803,8,5
Jackson,13,cmte of conference on salary bill,,Dec,22,1803,8,5
Venable,1,cmte of conference on salary bill,,Dec,22,1803,8,5
Adams,3,Cmte on judges in IN territory,,Dec,23,1803,8,5
Baldwin,8,Cmte on judges in IN territory,,Dec,23,1803,8,5
Bradley,4,Cmte on judges in IN territory,,Dec,23,1803,8,5
Breckinridge,10,Cmte on judges in IN territory,,Dec,23,1803,8,5
Brown,8,Cmte on judges in IN territory,,Dec,23,1803,8,5
Condit,1,Cmte on judges in IN territory,,Dec,23,1803,8,5
Ellery,1,Cmte on judges in IN territory,,Dec,23,1803,8,5
Plumer,3,Cmte on judges in IN territory,,Dec,23,1803,8,5
Is Smith,1,Cmte on judges in IN territory,,Dec,23,1803,8,5
S Smith,1,Cmte on judges in IN territory,,Dec,23,1803,8,5
J Smith,1,Cmte on judges in IN territory,,Dec,23,1803,8,5
Tracy,6,Cmte on judges in IN territory,,Dec,23,1803,8,5
Venable,1,Cmte on judges in IN territory,,Dec,23,1803,8,5
Worthington,5,Cmte on judges in IN territory,,Dec,23,1803,8,5
Adams,1,Cmte on Columbian Library,,Dec,23,1903,8,5
Baldwin,5,Cmte on Columbian Library,,Dec,23,1903,8,5
Bradley,6,Cmte on Columbian Library,,Dec,23,1903,8,5
Brown,6,Cmte on Columbian Library,,Dec,23,1903,8,5
cocke,1,Cmte on Columbian Library,,Dec,23,1903,8,5
Condit,1,Cmte on Columbian Library,,Dec,23,1903,8,5
Ellery,2,Cmte on Columbian Library,,Dec,23,1903,8,5
Franklin,1,Cmte on Columbian Library,,Dec,23,1903,8,5
Hillhouse,5,Cmte on Columbian Library,,Dec,23,1903,8,5
Jackson,1,Cmte on Columbian Library,,Dec,23,1903,8,5
Olcott,2,Cmte on Columbian Library,,Dec,23,1903,8,5
Pickering,2,Cmte on Columbian Library,,Dec,23,1903,8,5
Plumer,1,Cmte on Columbian Library,,Dec,23,1903,8,5
Potter,1,Cmte on Columbian Library,,Dec,23,1903,8,5
Is Smith,3,Cmte on Columbian Library,,Dec,23,1903,8,5
S Smith,5,Cmte on Columbian Library,,Dec,23,1903,8,5
J Smith,1,Cmte on Columbian Library,,Dec,23,1903,8,5
Tracy,2,Cmte on Columbian Library,,Dec,23,1903,8,5
Venable,3,Cmte on Columbian Library,,Dec,23,1903,8,5
Wright,4,Cmte on Columbian Library,,Dec,23,1903,8,5
Baldwin,1,Cmte on Bill for Paul Coulon,,Dec,23,1803,8,5
Bradley,5,Cmte on Bill for Paul Coulon,,Dec,23,1803,8,5
Brown,4,Cmte on Bill for Paul Coulon,,Dec,23,1803,8,5
Ellery,3,Cmte on Bill for Paul Coulon,,Dec,23,1803,8,5
Franklin,6,Cmte on Bill for Paul Coulon,,Dec,23,1803,8,5
Plumer,1,Cmte on Bill for Paul Coulon,,Dec,23,1803,8,5
Potter,1,Cmte on Bill for Paul Coulon,,Dec,23,1803,8,5
I Smith,3,Cmte on Bill for Paul Coulon,,Dec,23,1803,8,5
S Smith,8,Cmte on Bill for Paul Coulon,,Dec,23,1803,8,5
John Smith,1,Cmte on Bill for Paul Coulon,,Dec,23,1803,8,5
Tracy,9,Cmte on Bill for Paul Coulon,,Dec,23,1803,8,5
Venable,1,Cmte on Bill for Paul Coulon,,Dec,23,1803,8,5
Adams,1,Cmte on John Cole's act,,Jan,3,1804,8,6
Armstrong,1,Cmte on John Cole's act,,Jan,3,1804,8,6
Anderson,1,Cmte on John Cole's act,,Jan,3,1804,8,6
Bailey,4,Cmte on John Cole's act,,Jan,3,1804,8,6
Baldwin,2,Cmte on John Cole's act,,Jan,3,1804,8,6
Bradley,2,Cmte on John Cole's act,,Jan,3,1804,8,6
Breckinridge,2,Cmte on John Cole's act,,Jan,3,1804,8,6
Brown,4,Cmte on John Cole's act,,Jan,3,1804,8,6
Cocke,1,Cmte on John Cole's act,,Jan,3,1804,8,6
Condit,2,Cmte on John Cole's act,,Jan,3,1804,8,6
Ellery,5,Cmte on John Cole's act,,Jan,3,1804,8,6
Franklin,4,Cmte on John Cole's act,,Jan,3,1804,8,6
Hillhouse,1,Cmte on John Cole's act,,Jan,3,1804,8,6
Jackson,1,Cmte on John Cole's act,,Jan,3,1804,8,6
Logan,5,Cmte on John Cole's act,,Jan,3,1804,8,6
Olcott,1,Cmte on John Cole's act,,Jan,3,1804,8,6
Pickering,3,Cmte on John Cole's act,,Jan,3,1804,8,6
Plumer,1,Cmte on John Cole's act,,Jan,3,1804,8,6
S Smith,6,Cmte on John Cole's act,,Jan,3,1804,8,6
J Smith,1,Cmte on John Cole's act,,Jan,3,1804,8,6
Tracy,11,Cmte on John Cole's act,,Jan,3,1804,8,6
Venable,2,Cmte on John Cole's act,,Jan,3,1804,8,6
Wells,2,Cmte on John Cole's act,,Jan,3,1804,8,6
Adams,1,Cmte on Wash Building Co,,Jan,4,1804,8,6
Armstrong,7,Cmte on Wash Building Co,,Jan,4,1804,8,6
Bailey,2,Cmte on Wash Building Co,,Jan,4,1804,8,6
Baldwin,4,Cmte on Wash Building Co,,Jan,4,1804,8,6
Bradley,4,Cmte on Wash Building Co,,Jan,4,1804,8,6
Breckinridge,1,Cmte on Wash Building Co,,Jan,4,1804,8,6
Brown,2,Cmte on Wash Building Co,,Jan,4,1804,8,6
Cocke,1,Cmte on Wash Building Co,,Jan,4,1804,8,6
Condit,2,Cmte on Wash Building Co,,Jan,4,1804,8,6
Ellery,1,Cmte on Wash Building Co,,Jan,4,1804,8,6
Franklin,1,Cmte on Wash Building Co,,Jan,4,1804,8,6
Hillhouse,1,Cmte on Wash Building Co,,Jan,4,1804,8,6
Jackson,2,Cmte on Wash Building Co,,Jan,4,1804,8,6
Logan,2,Cmte on Wash Building Co,,Jan,4,1804,8,6
Maclay,1,Cmte on Wash Building Co,,Jan,4,1804,8,6
Pickering,1,Cmte on Wash Building Co,,Jan,4,1804,8,6
Potter,2,Cmte on Wash Building Co,,Jan,4,1804,8,6
Is Smith,18,Cmte on Wash Building Co,,Jan,4,1804,8,6
S Smith,8,Cmte on Wash Building Co,,Jan,4,1804,8,6
J Smith,2,Cmte on Wash Building Co,,Jan,4,1804,8,6
Venable,2,Cmte on Wash Building Co,,Jan,4,1804,8,6
Wells,1,Cmte on Wash Building Co,,Jan,4,1804,8,6
Adams,6,Cmte on NC Acts,,Jan,5,1804,8,6
Anderson,4,Cmte on NC Acts,,Jan,5,1804,8,6
Armstrong,1,Cmte on NC Acts,,Jan,5,1804,8,6
Baldwin,7,Cmte on NC Acts,,Jan,5,1804,8,6
Bradley,4,Cmte on NC Acts,,Jan,5,1804,8,6
Breckinridge,3,Cmte on NC Acts,,Jan,5,1804,8,6
Brown,6,Cmte on NC Acts,,Jan,5,1804,8,6
Cocke,7,Cmte on NC Acts,,Jan,5,1804,8,6
Ellery,1,Cmte on NC Acts,,Jan,5,1804,8,6
Franklin,5,Cmte on NC Acts,,Jan,5,1804,8,6
Hillhouse,2,Cmte on NC Acts,,Jan,5,1804,8,6
Jackson,5,Cmte on NC Acts,,Jan,5,1804,8,6
Maclay,4,Cmte on NC Acts,,Jan,5,1804,8,6
Pickering,2,Cmte on NC Acts,,Jan,5,1804,8,6
Plumer,1,Cmte on NC Acts,,Jan,5,1804,8,6
Is Smith,5,Cmte on NC Acts,,Jan,5,1804,8,6
J Smith,2,Cmte on NC Acts,,Jan,5,1804,8,6
Tracy,2,Cmte on NC Acts,,Jan,5,1804,8,6
Venable,7,Cmte on NC Acts,,Jan,5,1804,8,6
Wells,4,Cmte on NC Acts,,Jan,5,1804,8,6
Worthington,3,Cmte on NC Acts,,Jan,5,1804,8,6
Adams,1,Cmte on military appropriations,,Jan,5,1804,8,6
Armstrong,2,Cmte on military appropriations,,Jan,5,1804,8,6
Anderson,4,Cmte on military appropriations,,Jan,5,1804,8,6
Bailey,1,Cmte on military appropriations,,Jan,5,1804,8,6
Baldwin,2,Cmte on military appropriations,,Jan,5,1804,8,6
Bradley,9,Cmte on military appropriations,,Jan,5,1804,8,6
Breckinridge,1,Cmte on military appropriations,,Jan,5,1804,8,6
Brown,1,Cmte on military appropriations,,Jan,5,1804,8,6
Cocke,1,Cmte on military appropriations,,Jan,5,1804,8,6
Condit,1,Cmte on military appropriations,,Jan,5,1804,8,6
Dayton,7,Cmte on military appropriations,,Jan,5,1804,8,6
Franklin,1,Cmte on military appropriations,,Jan,5,1804,8,6
Jackson,6,Cmte on military appropriations,,Jan,5,1804,8,6
Pickering,2,Cmte on military appropriations,,Jan,5,1804,8,6
Plumer,1,Cmte on military appropriations,,Jan,5,1804,8,6
Is Smith,1,Cmte on military appropriations,,Jan,5,1804,8,6
S Smith,6,Cmte on military appropriations,,Jan,5,1804,8,6
J Smith,1,Cmte on military appropriations,,Jan,5,1804,8,6
Tracy,2,Cmte on military appropriations,,Jan,5,1804,8,6
Venable,2,Cmte on military appropriations,,Jan,5,1804,8,6
Wells,1,Cmte on military appropriations,,Jan,5,1804,8,6
White,1,Cmte on military appropriations,,Jan,5,1804,8,6
Adams,9,Cmte on LA bill recommitted,,Jan,6,1804,8,6
Anderson,14,Cmte on LA bill recommitted,,Jan,6,1804,8,6
Armstrong,9,Cmte on LA bill recommitted,,Jan,6,1804,8,6
Baldwin,5,Cmte on LA bill recommitted,,Jan,6,1804,8,6
Bradley,3,Cmte on LA bill recommitted,,Jan,6,1804,8,6
Breckinridge,17,Cmte on LA bill recommitted,,Jan,6,1804,8,6
Brown,4,Cmte on LA bill recommitted,,Jan,6,1804,8,6
Cocke,1,Cmte on LA bill recommitted,,Jan,6,1804,8,6
Dayton,17,Cmte on LA bill recommitted,,Jan,6,1804,8,6
Ellery,2,Cmte on LA bill recommitted,,Jan,6,1804,8,6
Hillhouse,4,Cmte on LA bill recommitted,,Jan,6,1804,8,6
Jackson,10,Cmte on LA bill recommitted,,Jan,6,1804,8,6
Nicholas,6,Cmte on LA bill recommitted,,Jan,6,1804,8,6
Plumer,1,Cmte on LA bill recommitted,,Jan,6,1804,8,6
Potter,1,Cmte on LA bill recommitted,,Jan,6,1804,8,6
Smith,16,Cmte on LA bill recommitted,,Jan,6,1804,8,6
J Smith,4,Cmte on LA bill recommitted,,Jan,6,1804,8,6
Tracy,3,Cmte on LA bill recommitted,,Jan,6,1804,8,6
Venable,6,Cmte on LA bill recommitted,,Jan,6,1804,8,6
Wells,1,Cmte on LA bill recommitted,,Jan,6,1804,8,6
Worthington,1,Cmte on LA bill recommitted,,Jan,6,1804,8,6
Wright,1,Cmte on LA bill recommitted,,Jan,6,1804,8,6
Bailey,1,Cmte on naval appropriations,,Jan,6,1804,8,6
Baldwin,3,Cmte on naval appropriations,,Jan,6,1804,8,6
Bradley,1,Cmte on naval appropriations,,Jan,6,1804,8,6
Breckinridge,2,Cmte on naval appropriations,,Jan,6,1804,8,6
Brown,2,Cmte on naval appropriations,,Jan,6,1804,8,6
Cocke,1,Cmte on naval appropriations,,Jan,6,1804,8,6
Condit,2,Cmte on naval appropriations,,Jan,6,1804,8,6
Dayton,5,Cmte on naval appropriations,,Jan,6,1804,8,6
Ellery,3,Cmte on naval appropriations,,Jan,6,1804,8,6
Franklin,1,Cmte on naval appropriations,,Jan,6,1804,8,6
Hillhouse,1,Cmte on naval appropriations,,Jan,6,1804,8,6
Jackson,4,Cmte on naval appropriations,,Jan,6,1804,8,6
Logan,3,Cmte on naval appropriations,,Jan,6,1804,8,6
Maclay,3,Cmte on naval appropriations,,Jan,6,1804,8,6
Nicholas,8,Cmte on naval appropriations,,Jan,6,1804,8,6
Pickering,3,Cmte on naval appropriations,,Jan,6,1804,8,6
Plumer,1,Cmte on naval appropriations,,Jan,6,1804,8,6
Potter,2,Cmte on naval appropriations,,Jan,6,1804,8,6
Smith,2,Cmte on naval appropriations,,Jan,6,1804,8,6
S Smith,3,Cmte on naval appropriations,,Jan,6,1804,8,6
J Smith,1,Cmte on naval appropriations,,Jan,6,1804,8,6
Tracy,4,Cmte on naval appropriations,,Jan,6,1804,8,6
Venable,2,Cmte on naval appropriations,,Jan,6,1804,8,6
Wells,1,Cmte on naval appropriations,,Jan,6,1804,8,6
Worthington,1,Cmte on naval appropriations,,Jan,6,1804,8,6
Cmte on PUS's message of Dec,21,Cmte on PUS's message of Dec 21,,Jan,9,1804,8,6
Adams,1,Cmte on PUS's message of Dec 21,,Jan,9,1804,8,6
Baldwin,9,Cmte on PUS's message of Dec 21,,Jan,9,1804,8,6
Bradley,20,Cmte on PUS's message of Dec 21,,Jan,9,1804,8,6
Breckinridge,2,Cmte on PUS's message of Dec 21,,Jan,9,1804,8,6
Brown,2,Cmte on PUS's message of Dec 21,,Jan,9,1804,8,6
Cocke,1,Cmte on PUS's message of Dec 21,,Jan,9,1804,8,6
Dayton,3,Cmte on PUS's message of Dec 21,,Jan,9,1804,8,6
Franklin,1,Cmte on PUS's message of Dec 21,,Jan,9,1804,8,6
Jackson,6,Cmte on PUS's message of Dec 21,,Jan,9,1804,8,6
Logan,3,Cmte on PUS's message of Dec 21,,Jan,9,1804,8,6
Maclay,4,Cmte on PUS's message of Dec 21,,Jan,9,1804,8,6
S Smith,5,Cmte on PUS's message of Dec 21,,Jan,9,1804,8,6
Stone,3,Cmte on PUS's message of Dec 21,,Jan,9,1804,8,6
Tracy,3,Cmte on PUS's message of Dec 21,,Jan,9,1804,8,6
Venable,4,Cmte on PUS's message of Dec 21,,Jan,9,1804,8,6
Adams,1,Cmte on marine vessels,,Jan,14,1804,8,6
Anderson,1,Cmte on marine vessels,,Jan,14,1804,8,6
Armstrong,1,Cmte on marine vessels,,Jan,14,1804,8,6
Baldwin,1,Cmte on marine vessels,,Jan,14,1804,8,6
Bradley,1,Cmte on marine vessels,,Jan,14,1804,8,6
Condit,2,Cmte on marine vessels,,Jan,14,1804,8,6
Dayton,8,Cmte on marine vessels,,Jan,14,1804,8,6
Ellery,2,Cmte on marine vessels,,Jan,14,1804,8,6
Franklin,4,Cmte on marine vessels,,Jan,14,1804,8,6
Jackson,8,Cmte on marine vessels,,Jan,14,1804,8,6
Logan,3,Cmte on marine vessels,,Jan,14,1804,8,6
Pickering,1,Cmte on marine vessels,,Jan,14,1804,8,6
Plumer,1,Cmte on marine vessels,,Jan,14,1804,8,6
Is Smith,1,Cmte on marine vessels,,Jan,14,1804,8,6
S Smith,11,Cmte on marine vessels,,Jan,14,1804,8,6
Stone,1,Cmte on marine vessels,,Jan,14,1804,8,6
Venable,3,Cmte on marine vessels,,Jan,14,1804,8,6
Wells,1,Cmte on marine vessels,,Jan,14,1804,8,6
Adams,1,Cmte on direct tax,,Jan,18,1804,8,7
Armstrong,11,Cmte on direct tax,,Jan,18,1804,8,7
Baldwin,6,Cmte on direct tax,,Jan,18,1804,8,7
Bradley,3,Cmte on direct tax,,Jan,18,1804,8,7
Breckinridge,1,Cmte on direct tax,,Jan,18,1804,8,7
Brown,7,Cmte on direct tax,,Jan,18,1804,8,7
Cocke,1,Cmte on direct tax,,Jan,18,1804,8,7
Dayton,3,Cmte on direct tax,,Jan,18,1804,8,7
Ellery,1,Cmte on direct tax,,Jan,18,1804,8,7
Jackson,2,Cmte on direct tax,,Jan,18,1804,8,7
Logan,2,Cmte on direct tax,,Jan,18,1804,8,7
Maclay,1,Cmte on direct tax,,Jan,18,1804,8,7
Nicholas,7,Cmte on direct tax,,Jan,18,1804,8,7
Plumer,2,Cmte on direct tax,,Jan,18,1804,8,7
Potter,1,Cmte on direct tax,,Jan,18,1804,8,7
I Smith,1,Cmte on direct tax,,Jan,18,1804,8,7
S Smith,6,Cmte on direct tax,,Jan,18,1804,8,7
Stone,2,Cmte on direct tax,,Jan,18,1804,8,7
Venable,4,Cmte on direct tax,,Jan,18,1804,8,7
Worthington,1,Cmte on direct tax,,Jan,18,1804,8,7
Adams,1,Cmte on naval pension fund,,Jan,18,1804,8,7
Anderson,2,Cmte on naval pension fund,,Jan,18,1804,8,7
Armstrong,3,Cmte on naval pension fund,,Jan,18,1804,8,7
Baldwin,4,Cmte on naval pension fund,,Jan,18,1804,8,7
Bradley,1,Cmte on naval pension fund,,Jan,18,1804,8,7
Breckinridge,1,Cmte on naval pension fund,,Jan,18,1804,8,7
Condit,1,Cmte on naval pension fund,,Jan,18,1804,8,7
Dayton,4,Cmte on naval pension fund,,Jan,18,1804,8,7
Ellery,5,Cmte on naval pension fund,,Jan,18,1804,8,7
Franklin,2,Cmte on naval pension fund,,Jan,18,1804,8,7
Jackson,4,Cmte on naval pension fund,,Jan,18,1804,8,7
Logan,2,Cmte on naval pension fund,,Jan,18,1804,8,7
Nicholas,1,Cmte on naval pension fund,,Jan,18,1804,8,7
Pickering,2,Cmte on naval pension fund,,Jan,18,1804,8,7
Plumer,2,Cmte on naval pension fund,,Jan,18,1804,8,7
Is Smith,1,Cmte on naval pension fund,,Jan,18,1804,8,7
Smith,16,Cmte on naval pension fund,,Jan,18,1804,8,7
J Smith,4,Cmte on naval pension fund,,Jan,18,1804,8,7
Stone,1,Cmte on naval pension fund,,Jan,18,1804,8,7
Venable,1,Cmte on naval pension fund,,Jan,18,1804,8,7
Wells,1,Cmte on naval pension fund,,Jan,18,1804,8,7
Adams,4,Cmte on Brigg Henrick,,Jan,18,1804,8,7
Armstrong,2,Cmte on Brigg Henrick,,Jan,18,1804,8,7
Baldwin,6,Cmte on Brigg Henrick,,Jan,18,1804,8,7
Bradley,3,Cmte on Brigg Henrick,,Jan,18,1804,8,7
Breckinridge,1,Cmte on Brigg Henrick,,Jan,18,1804,8,7
Brown,3,Cmte on Brigg Henrick,,Jan,18,1804,8,7
Cocke,2,Cmte on Brigg Henrick,,Jan,18,1804,8,7
Condit,2,Cmte on Brigg Henrick,,Jan,18,1804,8,7
Dayton,2,Cmte on Brigg Henrick,,Jan,18,1804,8,7
Ellery,1,Cmte on Brigg Henrick,,Jan,18,1804,8,7
Franklin,4,Cmte on Brigg Henrick,,Jan,18,1804,8,7
Jackson,3,Cmte on Brigg Henrick,,Jan,18,1804,8,7
Maclay,4,Cmte on Brigg Henrick,,Jan,18,1804,8,7
Nicholas,1,Cmte on Brigg Henrick,,Jan,18,1804,8,7
Olcott,1,Cmte on Brigg Henrick,,Jan,18,1804,8,7
Pickering,1,Cmte on Brigg Henrick,,Jan,18,1804,8,7
Plumer,3,Cmte on Brigg Henrick,,Jan,18,1804,8,7
Potter,1,Cmte on Brigg Henrick,,Jan,18,1804,8,7
Is Smith,4,Cmte on Brigg Henrick,,Jan,18,1804,8,7
S Smith,6,Cmte on Brigg Henrick,,Jan,18,1804,8,7
Stone,4,Cmte on Brigg Henrick,,Jan,18,1804,8,7
Tracy,2,Cmte on Brigg Henrick,,Jan,18,1804,8,7
Venable,4,Cmte on Brigg Henrick,,Jan,18,1804,8,7
Wells,1,Cmte on Brigg Henrick,,Jan,18,1804,8,7
Anderson,1,Cmte on recording ships & vessels,,Jan,19,1804,8,7
Armstrong,3,Cmte on recording ships & vessels,,Jan,19,1804,8,7
Baldwin,1,Cmte on recording ships & vessels,,Jan,19,1804,8,7
Bradley,1,Cmte on recording ships & vessels,,Jan,19,1804,8,7
Breckinridge,4,Cmte on recording ships & vessels,,Jan,19,1804,8,7
Brown,1,Cmte on recording ships & vessels,,Jan,19,1804,8,7
Cocke,2,Cmte on recording ships & vessels,,Jan,19,1804,8,7
Dayton,1,Cmte on recording ships & vessels,,Jan,19,1804,8,7
ellery,5,Cmte on recording ships & vessels,,Jan,19,1804,8,7
Franklin,1,Cmte on recording ships & vessels,,Jan,19,1804,8,7
Jackson,2,Cmte on recording ships & vessels,,Jan,19,1804,8,7
Logan,3,Cmte on recording ships & vessels,,Jan,19,1804,8,7
Pickering,5,Cmte on recording ships & vessels,,Jan,19,1804,8,7
Potter,2,Cmte on recording ships & vessels,,Jan,19,1804,8,7
Is Smith,3,Cmte on recording ships & vessels,,Jan,19,1804,8,7
S Smith,14,Cmte on recording ships & vessels,,Jan,19,1804,8,7
Stone,3,Cmte on recording ships & vessels,,Jan,19,1804,8,7
Armstrong,5,Cmte on bill directors to collectors,,Jan,26,1804,8,7
Baldwin,2,Cmte on bill directors to collectors,,Jan,26,1804,8,7
Bradley,3,Cmte on bill directors to collectors,,Jan,26,1804,8,7
Cocke,1,Cmte on bill directors to collectors,,Jan,26,1804,8,7
Condit,2,Cmte on bill directors to collectors,,Jan,26,1804,8,7
Dayton,1,Cmte on bill directors to collectors,,Jan,26,1804,8,7
Ellery,2,Cmte on bill directors to collectors,,Jan,26,1804,8,7
Franklin,1,Cmte on bill directors to collectors,,Jan,26,1804,8,7
Hillhouse,1,Cmte on bill directors to collectors,,Jan,26,1804,8,7
Jackson,10,Cmte on bill directors to collectors,,Jan,26,1804,8,7
Logan,2,Cmte on bill directors to collectors,,Jan,26,1804,8,7
Maclay,5,Cmte on bill directors to collectors,,Jan,26,1804,8,7
Olcott,1,Cmte on bill directors to collectors,,Jan,26,1804,8,7
Pickering,1,Cmte on bill directors to collectors,,Jan,26,1804,8,7
Potter,3,Cmte on bill directors to collectors,,Jan,26,1804,8,7
Is Smith,1,Cmte on bill directors to collectors,,Jan,26,1804,8,7
S Smith,4,Cmte on bill directors to collectors,,Jan,26,1804,8,7
Stone,3,Cmte on bill directors to collectors,,Jan,26,1804,8,7
Wells,3,Cmte on bill directors to collectors,,Jan,26,1804,8,7
White,1,Cmte on bill directors to collectors,,Jan,26,1804,8,7
Worthington,1,Cmte on bill directors to collectors,,Jan,26,1804,8,7
Adams,2,Cmte of conference on LA laws,,Jan,31,1804,8,7
Anderson,7,Cmte of conference on LA laws,,Jan,31,1804,8,7
Baldwin,6,Cmte of conference on LA laws,,Jan,31,1804,8,7
Bradley,4,Cmte of conference on LA laws,,Jan,31,1804,8,7
Breckinridge,13,Cmte of conference on LA laws,,Jan,31,1804,8,7
Dayton,13,Cmte of conference on LA laws,,Jan,31,1804,8,7
Franklin,1,Cmte of conference on LA laws,,Jan,31,1804,8,7
Jackson,4,Cmte of conference on LA laws,,Jan,31,1804,8,7
Nicholas,2,Cmte of conference on LA laws,,Jan,31,1804,8,7
S Smith,2,Cmte of conference on LA laws,,Jan,31,1804,8,7
J Smith,1,Cmte of conference on LA laws,,Jan,31,1804,8,7
Venable,2,Cmte of conference on LA laws,,Jan,31,1804,8,7
Adams,1,Cmte of conference on military appropriations bill,,Jan,30,1804,8,7
Baldwin,1,Cmte of conference on military appropriations bill,,Jan,30,1804,8,7
Bradley,9,Cmte of conference on military appropriations bill,,Jan,30,1804,8,7
dayton,4,Cmte of conference on military appropriations bill,,Jan,30,1804,8,7
Ellery,1,Cmte of conference on military appropriations bill,,Jan,30,1804,8,7
Franklin,2,Cmte of conference on military appropriations bill,,Jan,30,1804,8,7
Jackson,10,Cmte of conference on military appropriations bill,,Jan,30,1804,8,7
S Smith,8,Cmte of conference on military appropriations bill,,Jan,30,1804,8,7
Venable,1,Cmte of conference on military appropriations bill,,Jan,30,1804,8,7
Anderson,12,Cmte on Columbia supplement bill,,Feb,2,1804,8,7
Baldwin,1,Cmte on Columbia supplement bill,,Feb,2,1804,8,7
Bradley,1,Cmte on Columbia supplement bill,,Feb,2,1804,8,7
Ellery,2,Cmte on Columbia supplement bill,,Feb,2,1804,8,7
Franklin,4,Cmte on Columbia supplement bill,,Feb,2,1804,8,7
Logan,1,Cmte on Columbia supplement bill,,Feb,2,1804,8,7
Maclay,1,Cmte on Columbia supplement bill,,Feb,2,1804,8,7
Nicholas,2,Cmte on Columbia supplement bill,,Feb,2,1804,8,7
Olcott,1,Cmte on Columbia supplement bill,,Feb,2,1804,8,7
Is Smith,1,Cmte on Columbia supplement bill,,Feb,2,1804,8,7
S Smith,4,Cmte on Columbia supplement bill,,Feb,2,1804,8,7
J Smith,4,Cmte on Columbia supplement bill,,Feb,2,1804,8,7
Stone,7,Cmte on Columbia supplement bill,,Feb,2,1804,8,7
Venable,3,Cmte on Columbia supplement bill,,Feb,2,1804,8,7
Worthington,1,Cmte on Columbia supplement bill,,Feb,2,1804,8,7
Wright,6,Cmte on Columbia supplement bill,,Feb,2,1804,8,7
Adams,4,Cmte on petition of J H Stone,,Feb,3,1804,8,7
Anderson,3,Cmte on petition of J H Stone,,Feb,3,1804,8,7
Armstrong,5,Cmte on petition of J H Stone,,Feb,3,1804,8,7
Baldwin,1,Cmte on petition of J H Stone,,Feb,3,1804,8,7
Bradley,1,Cmte on petition of J H Stone,,Feb,3,1804,8,7
Cocke,1,Cmte on petition of J H Stone,,Feb,3,1804,8,7
Condit,2,Cmte on petition of J H Stone,,Feb,3,1804,8,7
Franklin,1,Cmte on petition of J H Stone,,Feb,3,1804,8,7
Jackson,1,Cmte on petition of J H Stone,,Feb,3,1804,8,7
Logan,1,Cmte on petition of J H Stone,,Feb,3,1804,8,7
Pickering,1,Cmte on petition of J H Stone,,Feb,3,1804,8,7
Potter,2,Cmte on petition of J H Stone,,Feb,3,1804,8,7
Venable,1,Cmte on petition of J H Stone,,Feb,3,1804,8,7
Wright,13,Cmte on petition of J H Stone,,Feb,3,1804,8,7
Adams,2,Cmte on salary bill,,Feb,3,1804,8,8
Anderson,1,Cmte on salary bill,,Feb,3,1804,8,8
Armstrong,5,Cmte on salary bill,,Feb,3,1804,8,8
Baldwin,10,Cmte on salary bill,,Feb,3,1804,8,8
Bradley,11,Cmte on salary bill,,Feb,3,1804,8,8
Breckinridge,1,Cmte on salary bill,,Feb,3,1804,8,8
Dayton,4,Cmte on salary bill,,Feb,3,1804,8,8
Ellery,2,Cmte on salary bill,,Feb,3,1804,8,8
Franklin,1,Cmte on salary bill,,Feb,3,1804,8,8
Hillhouse,1,Cmte on salary bill,,Feb,3,1804,8,8
Jackson,10,Cmte on salary bill,,Feb,3,1804,8,8
Maclay,1,Cmte on salary bill,,Feb,3,1804,8,8
Nicholas,1,Cmte on salary bill,,Feb,3,1804,8,8
Plumer,1,Cmte on salary bill,,Feb,3,1804,8,8
Is Smith,2,Cmte on salary bill,,Feb,3,1804,8,8
S Smith,1,Cmte on salary bill,,Feb,3,1804,8,8
J Smith,1,Cmte on salary bill,,Feb,3,1804,8,8
Stone,5,Cmte on salary bill,,Feb,3,1804,8,8
Sumter,3,Cmte on salary bill,,Feb,3,1804,8,8
Venable,2,Cmte on salary bill,,Feb,3,1804,8,8
Wright,1,Cmte on salary bill,,Feb,3,1804,8,8
Armstrong,4,Cmte on Moorish ships,,Feb,3,1804,8,8
Baldwin,1,Cmte on Moorish ships,,Feb,3,1804,8,8
Bradley,2,Cmte on Moorish ships,,Feb,3,1804,8,8
Breckinridge,13,Cmte on Moorish ships,,Feb,3,1804,8,8
Dayton,4,Cmte on Moorish ships,,Feb,3,1804,8,8
Ellery,1,Cmte on Moorish ships,,Feb,3,1804,8,8
Franklin,2,Cmte on Moorish ships,,Feb,3,1804,8,8
Pickering,1,Cmte on Moorish ships,,Feb,3,1804,8,8
Potter,1,Cmte on Moorish ships,,Feb,3,1804,8,8
Is Smith,1,Cmte on Moorish ships,,Feb,3,1804,8,8
J Smith,1,Cmte on Moorish ships,,Feb,3,1804,8,8
Stone,12,Cmte on Moorish ships,,Feb,3,1804,8,8
Venable,2,Cmte on Moorish ships,,Feb,3,1804,8,8
Wright,1,Cmte on Moorish ships,,Feb,3,1804,8,8
Adams,1,cmte on Oliver pollock's petition,,Feb,6,1804,8,8
Anderson,2,cmte on Oliver pollock's petition,,Feb,6,1804,8,8
Armstrong,1,cmte on Oliver pollock's petition,,Feb,6,1804,8,8
Baldwin,4,cmte on Oliver pollock's petition,,Feb,6,1804,8,8
Cocke,1,cmte on Oliver pollock's petition,,Feb,6,1804,8,8
Dayton,1,cmte on Oliver pollock's petition,,Feb,6,1804,8,8
Franklin,7,cmte on Oliver pollock's petition,,Feb,6,1804,8,8
Jackson,3,cmte on Oliver pollock's petition,,Feb,6,1804,8,8
Logan,2,cmte on Oliver pollock's petition,,Feb,6,1804,8,8
Nicholas,3,cmte on Oliver pollock's petition,,Feb,6,1804,8,8
Olcott,1,cmte on Oliver pollock's petition,,Feb,6,1804,8,8
Pickering,2,cmte on Oliver pollock's petition,,Feb,6,1804,8,8
Plumer,2,cmte on Oliver pollock's petition,,Feb,6,1804,8,8
Potter,1,cmte on Oliver pollock's petition,,Feb,6,1804,8,8
S Smith,2,cmte on Oliver pollock's petition,,Feb,6,1804,8,8
J Smith,1,cmte on Oliver pollock's petition,,Feb,6,1804,8,8
Stone,3,cmte on Oliver pollock's petition,,Feb,6,1804,8,8
Tracy,13,cmte on Oliver pollock's petition,,Feb,6,1804,8,8
Venable,3,cmte on Oliver pollock's petition,,Feb,6,1804,8,8
White,2,cmte on Oliver pollock's petition,,Feb,6,1804,8,8
Worthington,1,cmte on Oliver pollock's petition,,Feb,6,1804,8,8
Wright,1,cmte on Oliver pollock's petition,,Feb,6,1804,8,8
Anderson,4,Cmte on VA bounty lands bill,,Feb,7,1804,8,8
Armstrong,1,Cmte on VA bounty lands bill,,Feb,7,1804,8,8
Baldwin,1,Cmte on VA bounty lands bill,,Feb,7,1804,8,8
Bradley,1,Cmte on VA bounty lands bill,,Feb,7,1804,8,8
Breckinridge,3,Cmte on VA bounty lands bill,,Feb,7,1804,8,8
Cocke,1,Cmte on VA bounty lands bill,,Feb,7,1804,8,8
Ellery,1,Cmte on VA bounty lands bill,,Feb,7,1804,8,8
Franklin,2,Cmte on VA bounty lands bill,,Feb,7,1804,8,8
Maclay,1,Cmte on VA bounty lands bill,,Feb,7,1804,8,8
Nicholas,3,Cmte on VA bounty lands bill,,Feb,7,1804,8,8
Is Smith,1,Cmte on VA bounty lands bill,,Feb,7,1804,8,8
J Smith,2,Cmte on VA bounty lands bill,,Feb,7,1804,8,8
Stone,3,Cmte on VA bounty lands bill,,Feb,7,1804,8,8
Tracy,4,Cmte on VA bounty lands bill,,Feb,7,1804,8,8
Venable,4,Cmte on VA bounty lands bill,,Feb,7,1804,8,8
White,1,Cmte on VA bounty lands bill,,Feb,7,1804,8,8
Worthington,7,Cmte on VA bounty lands bill,,Feb,7,1804,8,8
Wright,1,Cmte on VA bounty lands bill,,Feb,7,1804,8,8
Adams,1,cmte on GA bill,,Feb,15,1804,8,8
Armstrong,3,cmte on GA bill,,Feb,15,1804,8,8
Baldwin,4,cmte on GA bill,,Feb,15,1804,8,8
Bradley,4,cmte on GA bill,,Feb,15,1804,8,8
Cocke,2,cmte on GA bill,,Feb,15,1804,8,8
Condit,2,cmte on GA bill,,Feb,15,1804,8,8
Dayton,2,cmte on GA bill,,Feb,15,1804,8,8
Ellery,1,cmte on GA bill,,Feb,15,1804,8,8
Hillhouse,1,cmte on GA bill,,Feb,15,1804,8,8
Jackson,14,cmte on GA bill,,Feb,15,1804,8,8
Nicholas,1,cmte on GA bill,,Feb,15,1804,8,8
pickering,9,cmte on GA bill,,Feb,15,1804,8,8
Plumer,2,cmte on GA bill,,Feb,15,1804,8,8
Potter,1,cmte on GA bill,,Feb,15,1804,8,8
S Smith,2,cmte on GA bill,,Feb,15,1804,8,8
Stone,1,cmte on GA bill,,Feb,15,1804,8,8
Sumter,2,cmte on GA bill,,Feb,15,1804,8,8
Worthington,1,cmte on GA bill,,Feb,15,1804,8,8
Wright,1,cmte on GA bill,,Feb,15,1804,8,8
Anderson,1,Cmte on SC pension (military) bill recommitted,,Feb,15,1804,8,8
Armstrong,2,Cmte on SC pension (military) bill recommitted,,Feb,15,1804,8,8
Baldwin,4,Cmte on SC pension (military) bill recommitted,,Feb,15,1804,8,8
Bradley,4,Cmte on SC pension (military) bill recommitted,,Feb,15,1804,8,8
Breckinridge,1,Cmte on SC pension (military) bill recommitted,,Feb,15,1804,8,8
Condit,2,Cmte on SC pension (military) bill recommitted,,Feb,15,1804,8,8
Franklin,5,Cmte on SC pension (military) bill recommitted,,Feb,15,1804,8,8
Hillhouse,2,Cmte on SC pension (military) bill recommitted,,Feb,15,1804,8,8
Jackson,4,Cmte on SC pension (military) bill recommitted,,Feb,15,1804,8,8
Nicholas,1,Cmte on SC pension (military) bill recommitted,,Feb,15,1804,8,8
Pickering,1,Cmte on SC pension (military) bill recommitted,,Feb,15,1804,8,8
Plumer,1,Cmte on SC pension (military) bill recommitted,,Feb,15,1804,8,8
Potter,1,Cmte on SC pension (military) bill recommitted,,Feb,15,1804,8,8
Is Smith,1,Cmte on SC pension (military) bill recommitted,,Feb,15,1804,8,8
J Smith,1,Cmte on SC pension (military) bill recommitted,,Feb,15,1804,8,8
Stone,2,Cmte on SC pension (military) bill recommitted,,Feb,15,1804,8,8
Sumter,11,Cmte on SC pension (military) bill recommitted,,Feb,15,1804,8,8
Tracy,1,Cmte on SC pension (military) bill recommitted,,Feb,15,1804,8,8
Venable,1,Cmte on SC pension (military) bill recommitted,,Feb,15,1804,8,8
White,1,Cmte on SC pension (military) bill recommitted,,Feb,15,1804,8,8
Wright,1,Cmte on SC pension (military) bill recommitted,,Feb,15,1804,8,8
Adams,2,Cmte on direct taxes w/ amendments,,Feb,15,1804,8,8
Anderson,12,Cmte on direct taxes w/ amendments,,Feb,15,1804,8,8
Armstrong,11,Cmte on direct taxes w/ amendments,,Feb,15,1804,8,8
Baldwin,2,Cmte on direct taxes w/ amendments,,Feb,15,1804,8,8
Bradley,14,Cmte on direct taxes w/ amendments,,Feb,15,1804,8,8
Breckinridge,6,Cmte on direct taxes w/ amendments,,Feb,15,1804,8,8
Cocke,3,Cmte on direct taxes w/ amendments,,Feb,15,1804,8,8
Dayton,5,Cmte on direct taxes w/ amendments,,Feb,15,1804,8,8
Franklin,6,Cmte on direct taxes w/ amendments,,Feb,15,1804,8,8
Hillhouse,1,Cmte on direct taxes w/ amendments,,Feb,15,1804,8,8
Jackson,4,Cmte on direct taxes w/ amendments,,Feb,15,1804,8,8
Logan,1,Cmte on direct taxes w/ amendments,,Feb,15,1804,8,8
Nicholas,7,Cmte on direct taxes w/ amendments,,Feb,15,1804,8,8
Pickering,1,Cmte on direct taxes w/ amendments,,Feb,15,1804,8,8
Plumer,2,Cmte on direct taxes w/ amendments,,Feb,15,1804,8,8
Is Smith,2,Cmte on direct taxes w/ amendments,,Feb,15,1804,8,8
S Smith,2,Cmte on direct taxes w/ amendments,,Feb,15,1804,8,8
J Smith,2,Cmte on direct taxes w/ amendments,,Feb,15,1804,8,8
Stone,1,Cmte on direct taxes w/ amendments,,Feb,15,1804,8,8
Tracy,14,Cmte on direct taxes w/ amendments,,Feb,15,1804,8,8
Venable,9,Cmte on direct taxes w/ amendments,,Feb,15,1804,8,8
Wells,2,Cmte on direct taxes w/ amendments,,Feb,15,1804,8,8
White,1,Cmte on direct taxes w/ amendments,,Feb,15,1804,8,8
Wright,1,Cmte on direct taxes w/ amendments,,Feb,15,1804,8,8
Adams,9,Cmte on report of Sec of War on WA Barron petition,,Feb,15,1804,8,8
Armstrong,3,Cmte on report of Sec of War on WA Barron petition,,Feb,15,1804,8,8
Bradley,4,Cmte on report of Sec of War on WA Barron petition,,Feb,15,1804,8,8
Cocke,1,Cmte on report of Sec of War on WA Barron petition,,Feb,15,1804,8,8
Condit,1,Cmte on report of Sec of War on WA Barron petition,,Feb,15,1804,8,8
Dayton,4,Cmte on report of Sec of War on WA Barron petition,,Feb,15,1804,8,8
Franklin,1,Cmte on report of Sec of War on WA Barron petition,,Feb,15,1804,8,8
Jackson,3,Cmte on report of Sec of War on WA Barron petition,,Feb,15,1804,8,8
Logan,2,Cmte on report of Sec of War on WA Barron petition,,Feb,15,1804,8,8
Maclay,1,Cmte on report of Sec of War on WA Barron petition,,Feb,15,1804,8,8
Olcott,1,Cmte on report of Sec of War on WA Barron petition,,Feb,15,1804,8,8
Plumer,3,Cmte on report of Sec of War on WA Barron petition,,Feb,15,1804,8,8
Potter,1,Cmte on report of Sec of War on WA Barron petition,,Feb,15,1804,8,8
S Smith,1,Cmte on report of Sec of War on WA Barron petition,,Feb,15,1804,8,8
J Smith,4,Cmte on report of Sec of War on WA Barron petition,,Feb,15,1804,8,8
Stone,1,Cmte on report of Sec of War on WA Barron petition,,Feb,15,1804,8,8
Tracy,2,Cmte on report of Sec of War on WA Barron petition,,Feb,15,1804,8,8
Venable,1,Cmte on report of Sec of War on WA Barron petition,,Feb,15,1804,8,8
Wells,1,Cmte on report of Sec of War on WA Barron petition,,Feb,15,1804,8,8
White,1,Cmte on report of Sec of War on WA Barron petition,,Feb,15,1804,8,8
Wright,1,Cmte on report of Sec of War on WA Barron petition,,Feb,15,1804,8,8
Anderson,6,Jt Cmte on recess,,Feb,15,1804,8,9
Baldwin,2,Jt Cmte on recess,,Feb,15,1804,8,9
Bradley,4,Jt Cmte on recess,,Feb,15,1804,8,9
Breckinridge,9,Jt Cmte on recess,,Feb,15,1804,8,9
Dayton,3,Jt Cmte on recess,,Feb,15,1804,8,9
Franklin,3,Jt Cmte on recess,,Feb,15,1804,8,9
Hillhouse,4,Jt Cmte on recess,,Feb,15,1804,8,9
Jackson,3,Jt Cmte on recess,,Feb,15,1804,8,9
Nicholas,6,Jt Cmte on recess,,Feb,15,1804,8,9
Pickering,1,Jt Cmte on recess,,Feb,15,1804,8,9
Plumer,1,Jt Cmte on recess,,Feb,15,1804,8,9
Is Smith,4,Jt Cmte on recess,,Feb,15,1804,8,9
S Smith,6,Jt Cmte on recess,,Feb,15,1804,8,9
J Smith,1,Jt Cmte on recess,,Feb,15,1804,8,9
Tracy,4,Jt Cmte on recess,,Feb,15,1804,8,9
Venable,1,Jt Cmte on recess,,Feb,15,1804,8,9
Wells,1,Jt Cmte on recess,,Feb,15,1804,8,9
White,2,Jt Cmte on recess,,Feb,15,1804,8,9
Wright,1,Jt Cmte on recess,,Feb,15,1804,8,9
Adams,1,cmte on sam corp,,Feb,15,1804,8,9
Anderson,2,cmte on sam corp,,Feb,15,1804,8,9
Armstrong,4,cmte on sam corp,,Feb,15,1804,8,9
Baldwin,6,cmte on sam corp,,Feb,15,1804,8,9
Bradley,4,cmte on sam corp,,Feb,15,1804,8,9
Breckinridge,7,cmte on sam corp,,Feb,15,1804,8,9
Dayton,3,cmte on sam corp,,Feb,15,1804,8,9
Ellery,1,cmte on sam corp,,Feb,15,1804,8,9
Franklin,3,cmte on sam corp,,Feb,15,1804,8,9
Hillhouse,3,cmte on sam corp,,Feb,15,1804,8,9
Jackson,2,cmte on sam corp,,Feb,15,1804,8,9
Maclay,1,cmte on sam corp,,Feb,15,1804,8,9
Pickering,2,cmte on sam corp,,Feb,15,1804,8,9
Plumer,1,cmte on sam corp,,Feb,15,1804,8,9
Potter,1,cmte on sam corp,,Feb,15,1804,8,9
Is Smith,1,cmte on sam corp,,Feb,15,1804,8,9
S Smith,11,cmte on sam corp,,Feb,15,1804,8,9
Tracy,1,cmte on sam corp,,Feb,15,1804,8,9
Venable,1,cmte on sam corp,,Feb,15,1804,8,9
Wells,1,cmte on sam corp,,Feb,15,1804,8,9
White,1,cmte on sam corp,,Feb,15,1804,8,9
Anderson,6,Cmte on OH Roads,,Feb,16,1804,8,9
Armstrong,1,Cmte on OH Roads,,Feb,16,1804,8,9
Baldwin,1,Cmte on OH Roads,,Feb,16,1804,8,9
Bradley,1,Cmte on OH Roads,,Feb,16,1804,8,9
Breckinridge,5,Cmte on OH Roads,,Feb,16,1804,8,9
Cocke,1,Cmte on OH Roads,,Feb,16,1804,8,9
Dayton,3,Cmte on OH Roads,,Feb,16,1804,8,9
Ellery,1,Cmte on OH Roads,,Feb,16,1804,8,9
Franklin,2,Cmte on OH Roads,,Feb,16,1804,8,9
Jackson,2,Cmte on OH Roads,,Feb,16,1804,8,9
Maclay,5,Cmte on OH Roads,,Feb,16,1804,8,9
Pickering,2,Cmte on OH Roads,,Feb,16,1804,8,9
Plumer,1,Cmte on OH Roads,,Feb,16,1804,8,9
Is Smith,2,Cmte on OH Roads,,Feb,16,1804,8,9
S Smith,5,Cmte on OH Roads,,Feb,16,1804,8,9
J Smith,10,Cmte on OH Roads,,Feb,16,1804,8,9
Stone,3,Cmte on OH Roads,,Feb,16,1804,8,9
Venable,2,Cmte on OH Roads,,Feb,16,1804,8,9
Wells,1,Cmte on OH Roads,,Feb,16,1804,8,9
Wright,2,Cmte on OH Roads,,Feb,16,1804,8,9
Anderson,2,Cmte on Nancy flinn,,Feb,18,1804,8,9
Baldwin,3,Cmte on Nancy flinn,,Feb,18,1804,8,9
Bradley,2,Cmte on Nancy flinn,,Feb,18,1804,8,9
Breckinridge,4,Cmte on Nancy flinn,,Feb,18,1804,8,9
Condit,2,Cmte on Nancy flinn,,Feb,18,1804,8,9
Dayton,2,Cmte on Nancy flinn,,Feb,18,1804,8,9
Ellery,2,Cmte on Nancy flinn,,Feb,18,1804,8,9
Franklin,1,Cmte on Nancy flinn,,Feb,18,1804,8,9
Hillhouse,2,Cmte on Nancy flinn,,Feb,18,1804,8,9
Logan,6,Cmte on Nancy flinn,,Feb,18,1804,8,9
Potter,1,Cmte on Nancy flinn,,Feb,18,1804,8,9
smith,17,Cmte on Nancy flinn,,Feb,18,1804,8,9
S Smith,1,Cmte on Nancy flinn,,Feb,18,1804,8,9
Stone,3,Cmte on Nancy flinn,,Feb,18,1804,8,9
Sumter,2,Cmte on Nancy flinn,,Feb,18,1804,8,9
Tracy,2,Cmte on Nancy flinn,,Feb,18,1804,8,9
White,2,Cmte on Nancy flinn,,Feb,18,1804,8,9
Adams,3,Cmte on amendments to Alexandria Charter,,Feb,18,1804,8,9
Anderson,8,Cmte on amendments to Alexandria Charter,,Feb,18,1804,8,9
Baldwin,3,Cmte on amendments to Alexandria Charter,,Feb,18,1804,8,9
Bradley,1,Cmte on amendments to Alexandria Charter,,Feb,18,1804,8,9
Breckinridge,8,Cmte on amendments to Alexandria Charter,,Feb,18,1804,8,9
Condit,1,Cmte on amendments to Alexandria Charter,,Feb,18,1804,8,9
Dayton,2,Cmte on amendments to Alexandria Charter,,Feb,18,1804,8,9
Ellery,1,Cmte on amendments to Alexandria Charter,,Feb,18,1804,8,9
Franklin,1,Cmte on amendments to Alexandria Charter,,Feb,18,1804,8,9
Nicholas,2,Cmte on amendments to Alexandria Charter,,Feb,18,1804,8,9
Potter,1,Cmte on amendments to Alexandria Charter,,Feb,18,1804,8,9
J Smith,1,Cmte on amendments to Alexandria Charter,,Feb,18,1804,8,9
Stone,3,Cmte on amendments to Alexandria Charter,,Feb,18,1804,8,9
Venable,10,Cmte on amendments to Alexandria Charter,,Feb,18,1804,8,9
Wright,12,Cmte on amendments to Alexandria Charter,,Feb,18,1804,8,9
Adams,3,Cmte on PUS & VP bill - Nicholas's motion,,Feb,21,1804,8,9
Anderson,6,Cmte on PUS & VP bill - Nicholas's motion,,Feb,21,1804,8,9
Armstrong,5,Cmte on PUS & VP bill - Nicholas's motion,,Feb,21,1804,8,9
Baldwin,19,Cmte on PUS & VP bill - Nicholas's motion,,Feb,21,1804,8,9
Bradley,5,Cmte on PUS & VP bill - Nicholas's motion,,Feb,21,1804,8,9
Breckinridge,8,Cmte on PUS & VP bill - Nicholas's motion,,Feb,21,1804,8,9
Cocke,1,Cmte on PUS & VP bill - Nicholas's motion,,Feb,21,1804,8,9
Dayton,3,Cmte on PUS & VP bill - Nicholas's motion,,Feb,21,1804,8,9
Franklin,3,Cmte on PUS & VP bill - Nicholas's motion,,Feb,21,1804,8,9
Jackson,5,Cmte on PUS & VP bill - Nicholas's motion,,Feb,21,1804,8,9
Logan,2,Cmte on PUS & VP bill - Nicholas's motion,,Feb,21,1804,8,9
Maclay,3,Cmte on PUS & VP bill - Nicholas's motion,,Feb,21,1804,8,9
Nicholas,20,Cmte on PUS & VP bill - Nicholas's motion,,Feb,21,1804,8,9
Pickering,2,Cmte on PUS & VP bill - Nicholas's motion,,Feb,21,1804,8,9
Is Smith,2,Cmte on PUS & VP bill - Nicholas's motion,,Feb,21,1804,8,9
S Smith,3,Cmte on PUS & VP bill - Nicholas's motion,,Feb,21,1804,8,9
Stone,8,Cmte on PUS & VP bill - Nicholas's motion,,Feb,21,1804,8,9
Tracy,1,Cmte on PUS & VP bill - Nicholas's motion,,Feb,21,1804,8,9
Venable,1,Cmte on PUS & VP bill - Nicholas's motion,,Feb,21,1804,8,9
Wells,2,Cmte on PUS & VP bill - Nicholas's motion,,Feb,21,1804,8,9
Worthington,1,Cmte on PUS & VP bill - Nicholas's motion,,Feb,21,1804,8,9
Wright,4,Cmte on PUS & VP bill - Nicholas's motion,,Feb,21,1804,8,9
Armstrong,1,Cmte on depositions out of court,,Feb,23,1804,8,9
Baldwin,1,Cmte on depositions out of court,,Feb,23,1804,8,9
Bradley,1,Cmte on depositions out of court,,Feb,23,1804,8,9
Breckinridge,3,Cmte on depositions out of court,,Feb,23,1804,8,9
Cocke,2,Cmte on depositions out of court,,Feb,23,1804,8,9
Condit,2,Cmte on depositions out of court,,Feb,23,1804,8,9
Ellery,2,Cmte on depositions out of court,,Feb,23,1804,8,9
Franklin,10,Cmte on depositions out of court,,Feb,23,1804,8,9
Hillhouse,2,Cmte on depositions out of court,,Feb,23,1804,8,9
Jackson,3,Cmte on depositions out of court,,Feb,23,1804,8,9
Logan,1,Cmte on depositions out of court,,Feb,23,1804,8,9
Nicholas,1,Cmte on depositions out of court,,Feb,23,1804,8,9
Olcott,1,Cmte on depositions out of court,,Feb,23,1804,8,9
Pickering,1,Cmte on depositions out of court,,Feb,23,1804,8,9
Potter,1,Cmte on depositions out of court,,Feb,23,1804,8,9
Is Smith,4,Cmte on depositions out of court,,Feb,23,1804,8,9
J Smith,1,Cmte on depositions out of court,,Feb,23,1804,8,9
S Smith,2,Cmte on depositions out of court,,Feb,23,1804,8,9
Sumter,1,Cmte on depositions out of court,,Feb,23,1804,8,9
Venable,6,Cmte on depositions out of court,,Feb,23,1804,8,9
Anderson,1,Cmte on appropriations,,Feb,23,1804,8,9
Baldwin,3,Cmte on appropriations,,Feb,23,1804,8,9
Bradley,2,Cmte on appropriations,,Feb,23,1804,8,9
Breckinridge,2,Cmte on appropriations,,Feb,23,1804,8,9
Cocke,1,Cmte on appropriations,,Feb,23,1804,8,9
Condit,3,Cmte on appropriations,,Feb,23,1804,8,9
Dayton,3,Cmte on appropriations,,Feb,23,1804,8,9
Ellery,4,Cmte on appropriations,,Feb,23,1804,8,9
Franklin,3,Cmte on appropriations,,Feb,23,1804,8,9
Hillhouse,2,Cmte on appropriations,,Feb,23,1804,8,9
Jackson,1,Cmte on appropriations,,Feb,23,1804,8,9
Logan,1,Cmte on appropriations,,Feb,23,1804,8,9
Nicholas,6,Cmte on appropriations,,Feb,23,1804,8,9
Plumer,2,Cmte on appropriations,,Feb,23,1804,8,9
Is Smith,2,Cmte on appropriations,,Feb,23,1804,8,9
Smith(NY),4,Cmte on appropriations,,Feb,23,1804,8,9
J Smith(OH),1,Cmte on appropriations,,Feb,23,1804,8,9
S Smith,1,Cmte on appropriations,,Feb,23,1804,8,9
Sumter,1,Cmte on appropriations,,Feb,23,1804,8,9
Venable,2,Cmte on appropriations,,Feb,23,1804,8,9
Wells,2,Cmte on appropriations,,Feb,23,1804,8,9
Worthington,2,Cmte on appropriations,,Feb,23,1804,8,9
Wright,1,Cmte on appropriations,,Feb,23,1804,8,9
