senator_id,senator_congress_id,first_name,middle_name,last_name,age,congress,state,party,TotalVotes,MaxVotes,TotalCommittees,VotesPerCmte,full_name_st,Administrative,Ceremonial,Claims,Commerce,Finance,Foreign Affairs,Indian Affairs,Judiciary,Military,Misc,Post Office,Public Lands,Roads And Canals,Washington DC
T000348,143,Uriah,,Tracy,42,5,CT,Federalist,1197,21,206,5.81,Uriah Tracy (CT),100.0,37.0,253.0,68.0,172.0,79.0,54.0,122.0,182.0,12.0,11.0,101.0,,6.0
T000348,300,Uriah,,Tracy,50,9,CT,Federalist,1070,19,185,5.78,Uriah Tracy (CT),66.0,10.0,100.0,102.0,120.0,100.0,62.0,139.0,132.0,29.0,12.0,136.0,26.0,36.0
B000084,288,Abraham,,Baldwin,51,9,GA,Democratic Republican,1018,20,191,5.33,Abraham Baldwin (GA),94.0,7.0,92.0,98.0,84.0,154.0,53.0,130.0,113.0,27.0,7.0,113.0,19.0,27.0
B000745,289,Stephen,Row,Bradley,51,9,VT,Democratic Republican,1009,21,175,5.77,Stephen Row Bradley (VT),50.0,3.0,161.0,122.0,36.0,89.0,41.0,156.0,92.0,37.0,4.0,166.0,22.0,30.0
T000348,186,Uriah,,Tracy,44,6,CT,Federalist,927,20,177,5.24,Uriah Tracy (CT),73.0,83.0,246.0,91.0,70.0,27.0,13.0,137.0,95.0,4.0,11.0,62.0,,15.0
B000745,327,Stephen,Row,Bradley,53,10,VT,Democratic Republican,886,19,164,5.4,Stephen Row Bradley (VT),92.0,25.0,128.0,32.0,56.0,57.0,11.0,119.0,211.0,32.0,10.0,51.0,9.0,53.0
R000092,155,Jacob,,Read,45,5,SC,Federalist,825,21,180,4.58,Jacob Read (SC),40.0,29.0,90.0,65.0,110.0,113.0,6.0,158.0,112.0,14.0,1.0,76.0,,11.0
R000448,193,James,,Ross,37,6,PA,Federalist,805,24,142,5.67,James Ross (PA),17.0,62.0,129.0,78.0,55.0,27.0,33.0,168.0,38.0,2.0,8.0,164.0,,24.0
A000197,326,Joseph,Inslee,Anderson,50,10,TN,Democratic Republican,803,22,145,5.54,Joseph Inslee Anderson (TN),88.0,22.0,61.0,25.0,73.0,54.0,37.0,163.0,142.0,6.0,5.0,80.0,5.0,42.0
S000609,334,Samuel,,Smith,55,10,MD,Democratic Republican,796,22,126,6.32,Samuel Smith (MD),62.0,49.0,69.0,65.0,64.0,94.0,2.0,69.0,248.0,15.0,6.0,16.0,4.0,33.0
R000448,156,James,,Ross,35,5,PA,Federalist,784,21,122,6.43,James Ross (PA),21.0,9.0,101.0,49.0,54.0,93.0,32.0,148.0,106.0,2.0,5.0,143.0,,21.0
M000831,295,Samuel,Latham,Mitchill,41,9,NY,Democratic Republican,771,19,152,5.07,Samuel Latham Mitchill (NY),63.0,30.0,72.0,123.0,56.0,133.0,19.0,91.0,96.0,9.0,1.0,36.0,14.0,28.0
L000364,139,Samuel,,Livermore,65,5,NH,Federalist,768,19,198,3.88,Samuel Livermore (NH),67.0,30.0,109.0,51.0,107.0,50.0,33.0,153.0,99.0,3.0,1.0,62.0,,3.0
A000041,303,John,Quincy,Adams,38,9,MA,Federalist,761,19,174,4.37,John Quincy Adams (MA),97.0,6.0,56.0,77.0,38.0,125.0,20.0,127.0,71.0,15.0,6.0,66.0,15.0,42.0
E000147,62,Oliver,,Ellsworth,48,3,CT,Pro-Administration,713,18,132,5.4,Oliver Ellsworth (CT),50.0,16.0,101.0,114.0,98.0,18.0,5.0,109.0,170.0,3.0,1.0,28.0,,
B000745,366,Stephen,Row,Bradley,55,11,VT,Democratic Republican,712,21,124,5.74,Stephen Row Bradley (VT),30.0,4.0,125.0,44.0,20.0,81.0,35.0,57.0,146.0,10.0,21.0,68.0,17.0,54.0
A000197,364,Joseph,Inslee,Anderson,52,11,TN,Democratic Republican,709,23,132,5.37,Joseph Inslee Anderson (TN),31.0,19.0,79.0,76.0,72.0,87.0,35.0,47.0,122.0,7.0,23.0,41.0,32.0,38.0
A000041,325,John,Quincy,Adams,40,10,MA,Federalist,697,24,105,6.64,John Quincy Adams (MA),100.0,7.0,37.0,57.0,64.0,65.0,34.0,151.0,123.0,5.0,8.0,27.0,13.0,6.0
S000566,318,John,,Smith,53,9,NY,Democratic Republican,689,26,143,4.82,John Smith (NY),13.0,16.0,75.0,114.0,30.0,162.0,21.0,94.0,75.0,4.0,2.0,45.0,9.0,29.0
M000831,330,Samuel,Latham,Mitchill,43,10,NY,Democratic Republican,671,24,141,4.76,Samuel Latham Mitchill (NY),61.0,33.0,141.0,30.0,23.0,29.0,65.0,74.0,175.0,5.0,4.0,14.0,5.0,12.0
P000026,154,Elijah,,Paine,40,5,VT,Federalist,626,23,161,3.89,Elijah Paine (VT),48.0,7.0,97.0,109.0,123.0,23.0,13.0,61.0,58.0,13.0,3.0,64.0,,7.0
G000183,387,William,Branch,Giles,47,11,VA,Democratic Republican,622,25,103,6.04,William Branch Giles (VA),70.0,6.0,54.0,71.0,20.0,117.0,4.0,119.0,58.0,1.0,3.0,47.0,2.0,50.0
G000183,354,William,Branch,Giles,45,10,VA,Democratic Republican,614,31,109,5.63,William Branch Giles (VA),52.0,11.0,67.0,49.0,53.0,77.0,8.0,128.0,113.0,19.0,12.0,14.0,1.0,10.0
S000609,270,Samuel,,Smith,51,8,MD,Democratic Republican,591,23,102,5.79,Samuel Smith (MD),16.0,5.0,111.0,116.0,18.0,47.0,7.0,105.0,117.0,3.0,,19.0,10.0,17.0
L000229,383,Michael,,Leib,49,11,PA,Democratic Republican,589,25,123,4.79,Michael Leib (PA),48.0,8.0,80.0,64.0,17.0,76.0,1.0,101.0,127.0,2.0,11.0,18.0,7.0,29.0
A000197,304,Joseph,Inslee,Anderson,48,9,TN,Democratic Republican,582,24,101,5.76,Joseph Inslee Anderson (TN),69.0,,36.0,25.0,25.0,68.0,74.0,65.0,92.0,13.0,10.0,81.0,4.0,20.0
B000084,246,Abraham,,Baldwin,49,8,GA,Democratic Republican,582,19,133,4.38,Abraham Baldwin (GA),29.0,12.0,95.0,38.0,45.0,63.0,11.0,160.0,33.0,20.0,4.0,57.0,3.0,12.0
R000448,99,James,,Ross,33,4,PA,Pro-Administration,581,18,114,5.1,James Ross (PA),29.0,15.0,94.0,50.0,67.0,28.0,55.0,57.0,73.0,13.0,15.0,80.0,,5.0
G000286,134,Benjamin,,Goodhue,49,5,MA,Federalist,559,18,135,4.14,Benjamin Goodhue (MA),25.0,4.0,74.0,133.0,97.0,45.0,9.0,12.0,122.0,13.0,3.0,15.0,,7.0
T000348,258,Uriah,,Tracy,48,8,CT,Federalist,558,19,112,4.98,Uriah Tracy (CT),65.0,4.0,114.0,35.0,38.0,38.0,13.0,129.0,23.0,21.0,7.0,65.0,1.0,5.0
S000609,377,Samuel,,Smith,57,11,MD,Democratic Republican,555,25,103,5.39,Samuel Smith (MD),18.0,10.0,61.0,35.0,54.0,120.0,,37.0,119.0,5.0,42.0,9.0,5.0,40.0
B000474,131,William,,Bingham,45,5,PA,Federalist,553,21,122,4.53,William Bingham (PA),44.0,28.0,74.0,62.0,84.0,81.0,10.0,41.0,93.0,17.0,1.0,11.0,,7.0
B000745,247,Stephen,Row,Bradley,49,8,VT,Democratic Republican,551,23,123,4.48,Stephen Row Bradley (VT),20.0,3.0,84.0,24.0,81.0,53.0,18.0,104.0,72.0,19.0,16.0,48.0,2.0,7.0
L000120,138,John,,Laurance,47,5,NY,Federalist,548,15,122,4.49,John Laurance (NY),33.0,25.0,55.0,49.0,92.0,44.0,34.0,82.0,93.0,10.0,1.0,24.0,,6.0
K000212,76,Rufus,,King,38,3,NY,Pro-Administration,520,21,95,5.47,Rufus King (NY),36.0,19.0,70.0,76.0,57.0,25.0,6.0,56.0,136.0,,14.0,25.0,,
L000364,183,Samuel,,Livermore,67,6,NH,Federalist,509,14,155,3.28,Samuel Livermore (NH),28.0,10.0,110.0,75.0,58.0,8.0,19.0,96.0,47.0,2.0,6.0,38.0,,12.0
D000165,194,Jonathan,,Dayton,39,6,NJ,Federalist,506,23,131,3.86,Jonathan Dayton (NJ),46.0,70.0,75.0,46.0,25.0,27.0,5.0,100.0,66.0,,3.0,28.0,,15.0
W000750,302,Thomas,,Worthington,32,9,OH,Democratic Republican,499,21,110,4.54,Thomas Worthington (OH),16.0,9.0,30.0,39.0,40.0,22.0,45.0,86.0,43.0,10.0,2.0,119.0,29.0,9.0
G000183,316,William,Branch,Giles,43,9,VA,Democratic Republican,492,28,90,5.47,William Branch Giles (VA),36.0,,34.0,52.0,39.0,44.0,4.0,129.0,45.0,6.0,2.0,55.0,31.0,15.0
B000929,177,John,,Brown,42,6,KY,Democratic Republican,489,18,137,3.57,John Brown (KY),23.0,22.0,97.0,59.0,19.0,27.0,21.0,77.0,26.0,,6.0,107.0,,5.0
E000147,43,Oliver,,Ellsworth,46,2,CT,Pro-Administration,484,18,82,5.9,Oliver Ellsworth (CT),34.0,7.0,148.0,30.0,43.0,36.0,26.0,89.0,45.0,4.0,2.0,20.0,,
S001009,40,Caleb,,Strong,46,2,MA,Pro-Administration,481,18,79,6.09,Caleb Strong (MA),42.0,31.0,134.0,38.0,46.0,38.0,22.0,53.0,29.0,9.0,6.0,33.0,,
N000086,205,Wilson,Cary,Nicholas,38,6,VA,Democratic Republican,480,14,123,3.9,Wilson Cary Nicholas (VA),33.0,38.0,45.0,83.0,36.0,16.0,6.0,91.0,64.0,1.0,19.0,33.0,,15.0
F000344,368,Jesse,,Franklin,49,11,NC,Democratic Republican,475,23,120,3.96,Jesse Franklin (NC),60.0,4.0,84.0,55.0,38.0,31.0,10.0,26.0,51.0,1.0,44.0,46.0,10.0,15.0
T000107,142,Henry,,Tazewell,44,5,VA,Anti-Administration,475,14,114,4.17,Henry Tazewell (VA),17.0,12.0,44.0,41.0,62.0,62.0,4.0,98.0,78.0,5.0,,34.0,,18.0
H000618,181,James,,Hillhouse,45,6,CT,Federalist,468,23,131,3.57,James Hillhouse (CT),18.0,16.0,91.0,56.0,86.0,9.0,34.0,83.0,44.0,,2.0,21.0,,8.0
F000344,337,Jesse,,Franklin,47,10,NC,Democratic Republican,466,16,149,3.13,Jesse Franklin (NC),56.0,9.0,73.0,18.0,28.0,19.0,14.0,79.0,78.0,6.0,,54.0,8.0,24.0
R000092,185,Jacob,,Read,47,6,SC,Federalist,460,19,131,3.51,Jacob Read (SC),18.0,73.0,45.0,61.0,39.0,34.0,6.0,99.0,24.0,,16.0,32.0,,13.0
J000017,269,James,,Jackson,46,8,GA,Democratic Republican,458,22,108,4.24,James Jackson (GA),33.0,1.0,61.0,65.0,35.0,34.0,10.0,73.0,68.0,8.0,40.0,20.0,5.0,5.0
W000392,346,Samuel,,White,37,10,DE,Federalist,457,19,135,3.39,Samuel White (DE),57.0,15.0,75.0,16.0,44.0,20.0,8.0,38.0,99.0,9.0,2.0,29.0,7.0,38.0
A000197,175,Joseph,Inslee,Anderson,42,6,TN,Democratic Republican,456,18,125,3.65,Joseph Inslee Anderson (TN),19.0,10.0,122.0,53.0,22.0,8.0,21.0,93.0,47.0,,13.0,44.0,,4.0
C000009,60,George,,Cabot,41,3,MA,Pro-Administration,456,13,111,4.11,George Cabot (MA),32.0,8.0,80.0,130.0,99.0,12.0,,7.0,77.0,,8.0,3.0,,
S001073,335,Thomas,,Sumter,73,10,SC,Democratic Republican,455,19,131,3.47,Thomas Sumter (SC),23.0,10.0,75.0,30.0,23.0,36.0,5.0,24.0,195.0,2.0,4.0,16.0,4.0,8.0
H000618,135,James,,Hillhouse,43,5,CT,Federalist,455,16,150,3.03,James Hillhouse (CT),16.0,3.0,51.0,53.0,132.0,15.0,28.0,82.0,33.0,2.0,4.0,29.0,,7.0
R000092,98,Jacob,,Read,43,4,SC,Federalist,455,20,103,4.42,Jacob Read (SC),32.0,58.0,64.0,45.0,47.0,26.0,32.0,78.0,29.0,2.0,22.0,18.0,,2.0
H000618,382,James,,Hillhouse,55,11,CT,Federalist,450,14,129,3.49,James Hillhouse (CT),44.0,,68.0,39.0,31.0,38.0,13.0,56.0,57.0,1.0,21.0,29.0,17.0,36.0
T000107,101,Henry,,Tazewell,42,4,VA,Anti-Administration,449,17,121,3.71,Henry Tazewell (VA),17.0,27.0,83.0,43.0,58.0,46.0,31.0,53.0,42.0,6.0,3.0,34.0,,6.0
L000364,95,Samuel,,Livermore,63,4,NH,Pro-Administration,447,17,100,4.47,Samuel Livermore (NH),47.0,19.0,97.0,24.0,51.0,19.0,33.0,76.0,17.0,31.0,3.0,27.0,,3.0
L000067,191,John,,Langdon,58,6,NH,Democratic Republican,446,13,152,2.93,John Langdon (NH),18.0,34.0,124.0,93.0,26.0,21.0,5.0,38.0,51.0,4.0,6.0,19.0,,7.0
L000120,182,John,,Laurance,49,6,NY,Federalist,436,19,96,4.54,John Laurance (NY),23.0,28.0,88.0,77.0,33.0,20.0,4.0,106.0,14.0,4.0,8.0,29.0,,2.0
L000401,293,George,,Logan,52,9,PA,Democratic Republican,435,20,130,3.35,George Logan (PA),38.0,2.0,29.0,57.0,41.0,106.0,6.0,29.0,31.0,16.0,4.0,35.0,28.0,13.0
S001009,100,Caleb,,Strong,50,4,MA,Pro-Administration,424,19,78,5.44,Caleb Strong (MA),24.0,6.0,120.0,52.0,35.0,17.0,28.0,74.0,18.0,22.0,5.0,19.0,,4.0
S001009,77,Caleb,,Strong,48,3,MA,Pro-Administration,422,13,99,4.26,Caleb Strong (MA),45.0,,67.0,51.0,55.0,7.0,8.0,79.0,84.0,,4.0,22.0,,
T000249,343,Buckner,,Thruston,44,10,KY,Democratic Republican,421,25,130,3.24,Buckner Thruston (KY),106.0,14.0,46.0,13.0,24.0,11.0,5.0,101.0,53.0,12.0,1.0,17.0,10.0,8.0
B000474,176,William,,Bingham,47,6,PA,Federalist,419,19,102,4.11,William Bingham (PA),26.0,59.0,52.0,115.0,61.0,27.0,,29.0,29.0,3.0,4.0,12.0,,2.0
L000067,137,John,,Langdon,56,5,NH,Democratic Republican,417,9,159,2.62,John Langdon (NH),19.0,15.0,80.0,63.0,36.0,30.0,12.0,20.0,102.0,3.0,2.0,32.0,,3.0
S001073,299,Thomas,,Sumter,71,9,SC,Democratic Republican,416,23,131,3.18,Thomas Sumter (SC),36.0,10.0,36.0,24.0,21.0,70.0,11.0,34.0,97.0,11.0,1.0,45.0,10.0,10.0
L000364,67,Samuel,,Livermore,61,3,NH,Pro-Administration,412,13,127,3.24,Samuel Livermore (NH),56.0,7.0,61.0,73.0,48.0,5.0,4.0,51.0,68.0,5.0,15.0,19.0,,
B000929,149,John,,Brown,40,5,KY,Democratic Republican,408,18,127,3.21,John Brown (KY),27.0,,41.0,23.0,41.0,50.0,6.0,56.0,37.0,3.0,2.0,118.0,,4.0
K000212,35,Rufus,,King,36,2,NY,Pro-Administration,406,17,76,5.34,Rufus King (NY),17.0,44.0,73.0,51.0,49.0,27.0,21.0,52.0,24.0,13.0,5.0,30.0,,
A000197,163,Joseph,Inslee,Anderson,40,5,TN,Democratic Republican,405,17,127,3.19,Joseph Inslee Anderson (TN),42.0,4.0,76.0,24.0,37.0,9.0,28.0,108.0,35.0,4.0,,34.0,,4.0
D000165,251,Jonathan,,Dayton,43,8,NJ,Federalist,378,17,100,3.78,Jonathan Dayton (NJ),23.0,5.0,44.0,20.0,19.0,54.0,6.0,89.0,74.0,,5.0,26.0,9.0,4.0
M000155,192,Humphrey,,Marshall,39,6,KY,Federalist,378,19,116,3.26,Humphrey Marshall (KY),13.0,10.0,95.0,31.0,29.0,18.0,5.0,66.0,29.0,,5.0,70.0,,7.0
P000473,84,Richard,,Potts,40,3,MD,Pro-Administration,377,17,99,3.81,Richard Potts (MD),11.0,1.0,87.0,81.0,49.0,10.0,4.0,39.0,69.0,,4.0,22.0,,
M000155,153,Humphrey,,Marshall,37,5,KY,Federalist,374,18,120,3.12,Humphrey Marshall (KY),36.0,5.0,54.0,18.0,39.0,24.0,15.0,61.0,55.0,6.0,4.0,45.0,,12.0
S000955,307,David,,Stone,35,9,NC,Democratic Republican,371,14,113,3.28,David Stone (NC),21.0,4.0,12.0,73.0,32.0,44.0,26.0,65.0,36.0,11.0,4.0,25.0,5.0,13.0
B000249,365,James,Asheton,Bayard,42,11,DE,Federalist,363,22,81,4.48,James Asheton Bayard (DE),15.0,6.0,40.0,20.0,31.0,22.0,3.0,80.0,95.0,,5.0,9.0,17.0,20.0
J000017,79,James,,Jackson,36,3,GA,Anti-Administration,363,15,102,3.56,James Jackson (GA),29.0,5.0,67.0,85.0,42.0,4.0,12.0,24.0,81.0,,6.0,8.0,,
K000212,491,Rufus,,King,62,15,NY,Federalist,362,30,47,7.7,Rufus King (NY),65.0,7.0,42.0,14.0,38.0,42.0,26.0,75.0,20.0,,1.0,10.0,17.0,5.0
P000026,197,Elijah,,Paine,42,6,VT,Federalist,362,15,119,3.04,Elijah Paine (VT),17.0,9.0,108.0,38.0,37.0,14.0,10.0,56.0,24.0,4.0,9.0,22.0,,14.0
H000508,116,John,,Henry,45,4,MD,Pro-Administration,360,15,101,3.56,John Henry (MD),23.0,34.0,83.0,29.0,57.0,20.0,2.0,32.0,20.0,14.0,3.0,30.0,,13.0
G000526,190,James,,Gunn,46,6,GA,Federalist,356,18,111,3.21,James Gunn (GA),15.0,31.0,63.0,48.0,15.0,1.0,22.0,27.0,87.0,6.0,8.0,30.0,,3.0
B000929,107,John,,Brown,38,4,KY,Democratic Republican,353,13,119,2.97,John Brown (KY),21.0,12.0,71.0,30.0,31.0,19.0,32.0,54.0,25.0,6.0,9.0,41.0,,2.0
A000197,245,Joseph,Inslee,Anderson,46,8,TN,Democratic Republican,352,16,85,4.14,Joseph Inslee Anderson (TN),37.0,3.0,43.0,21.0,25.0,16.0,6.0,91.0,15.0,10.0,27.0,23.0,9.0,26.0
M000029,294,Samuel,,Maclay,64,9,PA,Democratic Republican,349,12,139,2.51,Samuel Maclay (PA),10.0,5.0,41.0,32.0,24.0,43.0,12.0,63.0,32.0,8.0,2.0,49.0,15.0,13.0
G000286,180,Benjamin,,Goodhue,51,6,MA,Federalist,348,17,78,4.46,Benjamin Goodhue (MA),19.0,7.0,94.0,113.0,36.0,27.0,2.0,12.0,28.0,,2.0,8.0,,
B001133,58,Aaron,,Burr,37,3,NY,Anti-Administration,347,16,83,4.18,Aaron Burr (NY),19.0,14.0,56.0,52.0,39.0,20.0,,39.0,42.0,2.0,20.0,44.0,,
L000067,66,John,,Langdon,52,3,NH,Anti-Administration,342,14,96,3.56,John Langdon (NH),46.0,15.0,49.0,72.0,43.0,7.0,1.0,12.0,84.0,1.0,6.0,6.0,,
S000609,433,Samuel,,Smith,61,13,MD,Democratic Republican,339,22,53,6.4,Samuel Smith (MD),6.0,21.0,37.0,12.0,39.0,57.0,,2.0,143.0,8.0,,,,14.0
T000423,320,James,,Turner,39,9,NC,Democratic Republican,339,14,136,2.49,James Turner (NC),26.0,2.0,35.0,46.0,14.0,30.0,8.0,85.0,36.0,10.0,3.0,31.0,9.0,4.0
F000344,262,Jesse,,Franklin,43,8,NC,Democratic Republican,337,17,95,3.55,Jesse Franklin (NC),14.0,2.0,84.0,34.0,23.0,10.0,2.0,53.0,26.0,18.0,6.0,55.0,2.0,8.0
D000002,488,David,,Daggett,53,15,CT,Federalist,332,19,55,6.04,David Daggett (CT),93.0,19.0,23.0,11.0,1.0,10.0,6.0,61.0,42.0,,1.0,8.0,10.0,47.0
B001133,27,Aaron,,Burr,35,2,NY,Anti-Administration,332,21,54,6.15,Aaron Burr (NY),29.0,8.0,81.0,38.0,13.0,42.0,24.0,44.0,31.0,0.0,,22.0,,
C000369,164,Nathaniel,,Chipman,45,5,VT,Federalist,331,17,126,2.63,Nathaniel Chipman (VT),38.0,15.0,43.0,22.0,36.0,12.0,12.0,89.0,27.0,2.0,3.0,29.0,,3.0
H000841,136,John,Eager,Howard,45,5,MD,Federalist,328,24,106,3.09,John Eager Howard (MD),7.0,3.0,78.0,32.0,29.0,7.0,4.0,15.0,129.0,6.0,1.0,16.0,,1.0
B000249,321,James,Asheton,Bayard,38,9,DE,Federalist,324,24,66,4.91,James Asheton Bayard (DE),8.0,,8.0,10.0,38.0,57.0,2.0,105.0,13.0,1.0,,26.0,53.0,3.0
M000226,140,Stevens,Thomson,Mason,37,5,VA,Democratic Republican,322,21,117,2.75,Stevens Thomson Mason (VA),39.0,8.0,32.0,21.0,49.0,24.0,4.0,49.0,56.0,1.0,2.0,37.0,,
M000858,47,James,,Monroe,33,2,VA,Anti-Administration,319,14,75,4.25,James Monroe (VA),15.0,7.0,78.0,31.0,43.0,19.0,17.0,53.0,28.0,2.0,4.0,22.0,,
B000084,189,Abraham,,Baldwin,45,6,GA,Democratic Republican,317,9,140,2.26,Abraham Baldwin (GA),22.0,29.0,51.0,58.0,22.0,12.0,5.0,51.0,23.0,3.0,9.0,24.0,,8.0
W000768,309,Robert,,Wright,53,9,MD,Democratic Republican,315,20,72,4.38,Robert Wright (MD),23.0,2.0,18.0,14.0,1.0,64.0,54.0,31.0,42.0,8.0,,24.0,17.0,17.0
M000985,71,Robert,,Morris,59,3,PA,Pro-Administration,314,14,89,3.53,Robert Morris (PA),20.0,21.0,56.0,53.0,51.0,16.0,5.0,4.0,77.0,,5.0,6.0,,
K000212,93,Rufus,,King,40,4,NY,Federalist,311,18,56,5.55,Rufus King (NY),9.0,10.0,52.0,29.0,26.0,28.0,46.0,41.0,17.0,14.0,1.0,23.0,,15.0
T000348,123,Uriah,,Tracy,40,4,CT,Federalist,308,18,51,6.04,Uriah Tracy (CT),38.0,34.0,60.0,8.0,42.0,10.0,1.0,57.0,24.0,,16.0,18.0,,
R000448,87,James,,Ross,31,3,PA,Pro-Administration,305,14,80,3.81,James Ross (PA),22.0,4.0,39.0,39.0,60.0,4.0,2.0,47.0,56.0,,15.0,17.0,,
H000618,350,James,,Hillhouse,53,10,CT,Federalist,304,13,117,2.6,James Hillhouse (CT),26.0,,46.0,28.0,19.0,23.0,2.0,60.0,62.0,2.0,2.0,19.0,6.0,9.0
W000392,301,Samuel,,White,35,9,DE,Federalist,301,17,124,2.43,Samuel White (DE),15.0,2.0,17.0,35.0,9.0,41.0,14.0,32.0,57.0,6.0,7.0,21.0,7.0,38.0
S000955,256,David,,Stone,33,8,NC,Democratic Republican,299,17,95,3.15,David Stone (NC),13.0,1.0,46.0,35.0,34.0,24.0,1.0,76.0,9.0,15.0,5.0,18.0,5.0,17.0
R000125,355,Philip,,Reed,47,10,MD,Democratic Republican,296,16,83,3.57,Philip Reed (MD),29.0,3.0,65.0,16.0,23.0,2.0,3.0,9.0,82.0,20.0,16.0,13.0,7.0,8.0
B000929,82,John,,Brown,36,3,KY,Anti-Administration,292,18,104,2.81,John Brown (KY),17.0,2.0,52.0,42.0,27.0,3.0,10.0,27.0,61.0,3.0,7.0,41.0,,
L000067,94,John,,Langdon,54,4,NH,Democratic Republican,289,12,96,3.01,John Langdon (NH),19.0,32.0,54.0,44.0,29.0,33.0,7.0,19.0,29.0,4.0,7.0,7.0,,5.0
G000215,328,Nicholas,,Gilman,52,10,NH,Democratic Republican,287,15,119,2.41,Nicholas Gilman (NH),24.0,10.0,44.0,26.0,21.0,15.0,2.0,25.0,98.0,4.0,1.0,9.0,1.0,7.0
M000891,314,Andrew,,Moore,53,9,VA,Democratic Republican,287,11,140,2.05,Andrew Moore (VA),14.0,3.0,33.0,26.0,16.0,38.0,10.0,33.0,32.0,14.0,4.0,31.0,10.0,23.0
T000423,345,James,,Turner,41,10,NC,Democratic Republican,286,12,136,2.1,James Turner (NC),30.0,6.0,35.0,14.0,23.0,21.0,9.0,48.0,47.0,8.0,7.0,20.0,5.0,13.0
K000212,427,Rufus,,King,58,13,NY,Federalist,284,24,52,5.46,Rufus King (NY),14.0,2.0,50.0,19.0,66.0,58.0,,30.0,37.0,5.0,,,,3.0
A000041,267,John,Quincy,Adams,36,8,MA,Federalist,282,19,85,3.32,John Quincy Adams (MA),11.0,,33.0,14.0,13.0,39.0,1.0,87.0,36.0,13.0,,29.0,1.0,5.0
B000474,89,William,,Bingham,43,4,PA,Federalist,282,15,69,4.09,William Bingham (PA),12.0,22.0,29.0,62.0,61.0,24.0,23.0,8.0,31.0,2.0,7.0,,,1.0
R000550,104,John,,Rutherfurd,35,4,NJ,Pro-Administration,281,16,92,3.05,John Rutherfurd (NJ),16.0,6.0,50.0,59.0,41.0,10.0,13.0,35.0,19.0,12.0,9.0,11.0,,
W000287,188,William,Hill,Wells,30,6,DE,Federalist,280,16,105,2.67,William Hill Wells (DE),19.0,53.0,79.0,46.0,25.0,8.0,1.0,20.0,11.0,3.0,4.0,10.0,,1.0
M000166,152,Alexander,,Martin,57,5,NC,Anti-Administration,277,11,122,2.27,Alexander Martin (NC),17.0,5.0,49.0,31.0,49.0,23.0,12.0,37.0,30.0,7.0,4.0,9.0,,4.0
I000053,65,Ralph,,Izard,52,3,SC,Pro-Administration,277,15,84,3.3,Ralph Izard (SC),27.0,38.0,34.0,59.0,33.0,5.0,2.0,7.0,64.0,1.0,1.0,6.0,,
G000526,161,James,,Gunn,44,5,GA,Federalist,276,21,71,3.89,James Gunn (GA),13.0,9.0,44.0,13.0,21.0,13.0,35.0,8.0,91.0,8.0,2.0,19.0,,
B001133,108,Aaron,,Burr,39,4,NY,Anti-Administration,276,16,68,4.06,Aaron Burr (NY),11.0,19.0,28.0,25.0,41.0,17.0,44.0,17.0,42.0,,,32.0,,
L000115,151,Henry,,Latimer,45,5,DE,Federalist,274,16,119,2.3,Henry Latimer (DE),16.0,5.0,53.0,36.0,51.0,9.0,3.0,13.0,61.0,5.0,1.0,19.0,,2.0
R000125,385,Philip,,Reed,49,11,MD,Democratic Republican,271,28,83,3.27,Philip Reed (MD),4.0,,26.0,10.0,10.0,8.0,4.0,84.0,47.0,3.0,29.0,9.0,2.0,35.0
C000369,178,Nathaniel,,Chipman,47,6,VT,Federalist,271,18,93,2.91,Nathaniel Chipman (VT),19.0,5.0,52.0,16.0,23.0,2.0,4.0,108.0,5.0,1.0,3.0,17.0,,16.0
G000215,370,Nicholas,,Gilman,54,11,NH,Democratic Republican,270,11,114,2.37,Nicholas Gilman (NH),48.0,17.0,34.0,30.0,14.0,37.0,4.0,18.0,36.0,2.0,9.0,8.0,4.0,9.0
R000550,72,John,,Rutherfurd,33,3,NJ,Pro-Administration,269,13,83,3.24,John Rutherfurd (NJ),31.0,9.0,43.0,51.0,29.0,3.0,2.0,19.0,58.0,1.0,8.0,15.0,,
C000009,29,George,,Cabot,39,2,MA,Pro-Administration,268,19,67,4.0,George Cabot (MA),19.0,4.0,44.0,58.0,41.0,32.0,13.0,37.0,7.0,3.0,,10.0,,
K000246,313,Aaron,,Kitchell,61,9,NJ,Democratic Republican,267,12,141,1.89,Aaron Kitchell (NJ),12.0,2.0,29.0,34.0,25.0,38.0,11.0,34.0,33.0,2.0,3.0,31.0,4.0,9.0
H000368,64,Benjamin,,Hawkins,39,3,NC,Pro-Administration,264,15,85,3.11,Benjamin Hawkins (NC),19.0,6.0,35.0,40.0,27.0,7.0,12.0,7.0,89.0,1.0,10.0,11.0,,
M000985,45,Robert,,Morris,57,2,PA,Pro-Administration,263,18,59,4.46,Robert Morris (PA),6.0,12.0,33.0,80.0,41.0,55.0,11.0,11.0,3.0,1.0,,10.0,,
I000053,46,Ralph,,Izard,50,2,SC,Pro-Administration,257,15,68,3.78,Ralph Izard (SC),15.0,29.0,45.0,52.0,30.0,20.0,10.0,20.0,20.0,1.0,,15.0,,
B000127,485,James,,Barbour,42,15,VA,Anti-Democrat,256,29,34,7.53,James Barbour (VA),45.0,4.0,16.0,5.0,3.0,47.0,3.0,64.0,16.0,,1.0,1.0,26.0,25.0
B000739,81,William,,Bradford,64,3,RI,Pro-Administration,253,10,105,2.41,William Bradford (RI),9.0,5.0,54.0,39.0,57.0,7.0,3.0,20.0,45.0,1.0,4.0,9.0,,
C000671,290,John,,Condit,50,9,NJ,Democratic Republican,252,9,134,1.88,John Condit (NJ),15.0,4.0,41.0,30.0,20.0,27.0,7.0,39.0,16.0,6.0,8.0,28.0,4.0,7.0
L000011,505,Abner,,Lacock,47,15,PA,Democratic Republican,250,23,41,6.1,Abner Lacock (PA),31.0,2.0,37.0,2.0,2.0,37.0,20.0,19.0,71.0,,2.0,4.0,22.0,1.0
W000392,386,Samuel,,White,39,11,DE,Federalist,249,17,73,3.41,Samuel White (DE),34.0,5.0,25.0,35.0,5.0,16.0,,53.0,29.0,4.0,17.0,23.0,2.0,1.0
W000750,266,Thomas,,Worthington,30,8,OH,Democratic Republican,246,19,62,3.97,Thomas Worthington (OH),6.0,,39.0,9.0,5.0,5.0,10.0,33.0,11.0,6.0,5.0,109.0,7.0,1.0
G000215,292,Nicholas,,Gilman,50,9,NH,Democratic Republican,245,12,112,2.19,Nicholas Gilman (NH),15.0,4.0,32.0,21.0,20.0,49.0,7.0,18.0,37.0,5.0,5.0,20.0,6.0,6.0
B000739,112,William,,Bradford,66,4,RI,Pro-Administration,243,11,96,2.53,William Bradford (RI),16.0,5.0,76.0,31.0,21.0,13.0,7.0,23.0,31.0,13.0,2.0,4.0,,1.0
M000166,96,Alexander,,Martin,55,4,NC,Anti-Administration,243,14,106,2.29,Alexander Martin (NC),18.0,12.0,51.0,35.0,27.0,7.0,12.0,34.0,16.0,12.0,11.0,7.0,,1.0
B000745,50,Stephen,Row,Bradley,37,2,VT,Anti-Administration,236,24,58,4.07,Stephen Row Bradley (VT),21.0,9.0,42.0,48.0,37.0,9.0,15.0,26.0,19.0,5.0,1.0,4.0,,
P000324,375,Timothy,,Pickering,64,11,MA,Federalist,235,21,98,2.4,Timothy Pickering (MA),7.0,2.0,29.0,16.0,10.0,9.0,8.0,41.0,72.0,2.0,8.0,18.0,5.0,8.0
G000005,349,John,,Gaillard,42,10,SC,Democratic Republican,235,18,104,2.26,John Gaillard (SC),26.0,18.0,21.0,12.0,19.0,22.0,4.0,40.0,44.0,2.0,5.0,15.0,1.0,6.0
T000249,308,Buckner,,Thruston,42,9,KY,Democratic Republican,233,16,108,2.16,Buckner Thruston (KY),11.0,4.0,37.0,15.0,16.0,11.0,13.0,48.0,15.0,4.0,3.0,40.0,7.0,9.0
H000368,32,Benjamin,,Hawkins,37,2,NC,Pro-Administration,231,13,62,3.73,Benjamin Hawkins (NC),7.0,11.0,69.0,25.0,23.0,14.0,28.0,7.0,26.0,1.0,,20.0,,
G000183,432,William,Branch,Giles,51,13,VA,Democratic Republican,230,26,35,6.57,William Branch Giles (VA),11.0,,55.0,9.0,62.0,55.0,,3.0,30.0,2.0,,,,3.0
B001186,28,Pierce,,Butler,47,2,SC,Anti-Administration,230,15,56,4.11,Pierce Butler (SC),27.0,7.0,69.0,11.0,17.0,20.0,21.0,28.0,14.0,,1.0,15.0,,
L000120,124,John,,Laurance,45,4,NY,Federalist,228,16,45,5.07,John Laurance (NY),6.0,30.0,30.0,11.0,60.0,10.0,3.0,23.0,21.0,,14.0,20.0,,
G000526,85,James,,Gunn,40,3,GA,Anti-Administration,226,20,49,4.61,James Gunn (GA),10.0,,32.0,54.0,15.0,8.0,,1.0,99.0,,2.0,5.0,,
M000166,68,Alexander,,Martin,53,3,NC,Anti-Administration,226,11,96,2.35,Alexander Martin (NC),28.0,7.0,22.0,43.0,25.0,6.0,2.0,33.0,52.0,1.0,2.0,5.0,,
B000745,73,Stephen,Row,Bradley,39,3,VT,Anti-Administration,224,16,79,2.84,Stephen Row Bradley (VT),23.0,,63.0,15.0,24.0,2.0,3.0,12.0,63.0,9.0,4.0,6.0,,
R000313,494,Jonathan,,Roberts,46,15,PA,Democratic Republican,223,27,40,5.58,Jonathan Roberts (PA),64.0,,57.0,10.0,2.0,1.0,,43.0,35.0,,2.0,5.0,2.0,2.0
T000348,222,Uriah,,Tracy,46,7,CT,Federalist,223,22,34,6.56,Uriah Tracy (CT),48.0,1.0,51.0,5.0,7.0,6.0,,44.0,28.0,,,14.0,,19.0
M001003,514,Jeremiah,,Morrow,46,15,OH,Democratic Republican,221,25,40,5.52,Jeremiah Morrow (OH),27.0,6.0,8.0,3.0,,,40.0,26.0,19.0,,1.0,82.0,7.0,2.0
C000009,91,George,,Cabot,43,4,MA,Pro-Administration,221,14,56,3.95,George Cabot (MA),6.0,6.0,44.0,33.0,40.0,26.0,11.0,5.0,35.0,8.0,,6.0,,1.0
T000086,78,John,,Taylor,40,3,VA,Anti-Administration,221,14,45,4.91,John Taylor (VA),33.0,,37.0,15.0,22.0,10.0,,18.0,61.0,,4.0,21.0,,
R000313,458,Jonathan,,Roberts,44,14,PA,Democratic Republican,219,14,48,4.56,Jonathan Roberts (PA),6.0,1.0,104.0,27.0,2.0,,1.0,32.0,1.0,,24.0,4.0,,17.0
W000768,271,Robert,,Wright,51,8,MD,Democratic Republican,219,16,65,3.37,Robert Wright (MD),12.0,,40.0,25.0,4.0,24.0,1.0,44.0,35.0,1.0,,4.0,4.0,25.0
B000563,148,Timothy,,Bloodworth,61,5,NC,Democratic Republican,219,9,108,2.03,Timothy Bloodworth (NC),14.0,1.0,39.0,30.0,27.0,27.0,10.0,28.0,18.0,5.0,2.0,16.0,,2.0
G000286,121,Benjamin,,Goodhue,47,4,MA,Federalist,218,24,41,5.32,Benjamin Goodhue (MA),7.0,1.0,17.0,47.0,57.0,26.0,1.0,30.0,18.0,,3.0,11.0,,
K000212,476,Rufus,,King,60,14,NY,Federalist,217,22,47,4.62,Rufus King (NY),30.0,12.0,53.0,25.0,21.0,21.0,,32.0,1.0,,3.0,14.0,,5.0
R000550,37,John,,Rutherfurd,31,2,NJ,Pro-Administration,217,16,58,3.74,John Rutherfurd (NJ),20.0,10.0,44.0,32.0,18.0,5.0,7.0,16.0,14.0,14.0,,37.0,,
D000024,408,Samuel,Whittlesey,Dana,53,13,CT,Federalist,216,20,52,4.15,Samuel Whittlesey Dana (CT),18.0,6.0,53.0,20.0,14.0,16.0,,25.0,45.0,,,2.0,,17.0
P000473,118,Richard,,Potts,42,4,MD,Pro-Administration,216,15,58,3.72,Richard Potts (MD),18.0,,38.0,19.0,18.0,15.0,19.0,38.0,20.0,8.0,6.0,17.0,,
E000147,4,Oliver,,Ellsworth,44,1,CT,Pro-Administration,216,18,30,7.2,Oliver Ellsworth (CT),26.0,,15.0,21.0,51.0,52.0,,21.0,13.0,,,17.0,,
N000086,254,Wilson,Cary,Nicholas,42,8,VA,Democratic Republican,207,20,57,3.63,Wilson Cary Nicholas (VA),14.0,3.0,22.0,2.0,28.0,17.0,4.0,83.0,17.0,,,6.0,7.0,4.0
A000197,430,Joseph,Inslee,Anderson,56,13,TN,Democratic Republican,206,25,44,4.68,Joseph Inslee Anderson (TN),3.0,46.0,20.0,2.0,2.0,47.0,,7.0,73.0,1.0,,4.0,,1.0
G000005,369,John,,Gaillard,44,11,SC,Democratic Republican,206,15,92,2.24,John Gaillard (SC),22.0,14.0,33.0,19.0,11.0,14.0,1.0,35.0,15.0,5.0,7.0,7.0,3.0,20.0
M000226,206,Stevens,Thomson,Mason,39,6,VA,Democratic Republican,204,10,94,2.17,Stevens Thomson Mason (VA),6.0,13.0,38.0,25.0,21.0,,4.0,35.0,28.0,1.0,4.0,19.0,,10.0
E000147,92,Oliver,,Ellsworth,50,4,CT,Pro-Administration,204,19,28,7.29,Oliver Ellsworth (CT),12.0,7.0,42.0,16.0,18.0,15.0,35.0,44.0,6.0,9.0,,,,
G000264,504,Robert,Henry,Goldsborough,38,15,MD,Federalist,202,22,42,4.81,Robert Henry Goldsborough (MD),39.0,6.0,49.0,5.0,2.0,3.0,2.0,24.0,14.0,,2.0,5.0,5.0,46.0
G000005,291,John,,Gaillard,40,9,SC,Democratic Republican,202,11,96,2.1,John Gaillard (SC),12.0,5.0,13.0,47.0,14.0,17.0,7.0,15.0,18.0,3.0,1.0,16.0,4.0,30.0
M000155,103,Humphrey,,Marshall,35,4,KY,Federalist,200,16,77,2.6,Humphrey Marshall (KY),36.0,6.0,23.0,15.0,16.0,25.0,12.0,19.0,8.0,9.0,4.0,26.0,,1.0
L000401,253,George,,Logan,50,8,PA,Democratic Republican,198,7,90,2.2,George Logan (PA),13.0,3.0,53.0,28.0,12.0,15.0,,29.0,24.0,1.0,2.0,9.0,3.0,6.0
B000563,114,Timothy,,Bloodworth,59,4,NC,Democratic Republican,198,13,84,2.36,Timothy Bloodworth (NC),19.0,2.0,39.0,27.0,19.0,11.0,7.0,32.0,18.0,8.0,2.0,14.0,,
M000985,12,Robert,,Morris,55,1,PA,Pro-Administration,198,21,24,8.25,Robert Morris (PA),5.0,,20.0,31.0,50.0,72.0,,6.0,2.0,11.0,,1.0,,
M000891,351,Andrew,,Moore,55,10,VA,Democratic Republican,197,14,104,1.89,Andrew Moore (VA),28.0,,23.0,9.0,7.0,9.0,4.0,36.0,29.0,4.0,2.0,16.0,2.0,28.0
S000524,348,Daniel,,Smith,59,10,TN,Democratic Republican,196,10,102,1.92,Daniel Smith (TN),13.0,1.0,28.0,11.0,4.0,10.0,22.0,46.0,28.0,3.0,5.0,15.0,3.0,7.0
H000991,413,William,,Hunter,39,13,RI,Federalist,194,25,47,4.13,William Hunter (RI),11.0,10.0,65.0,3.0,6.0,21.0,,15.0,42.0,1.0,,2.0,,18.0
H000841,202,John,Eager,Howard,47,6,MD,Federalist,192,16,77,2.49,John Eager Howard (MD),11.0,8.0,64.0,30.0,24.0,7.0,3.0,12.0,14.0,11.0,1.0,3.0,,4.0
F000313,195,Theodore,,Foster,47,6,RI,Federalist,192,11,102,1.88,Theodore Foster (RI),20.0,18.0,54.0,18.0,12.0,9.0,4.0,32.0,13.0,,3.0,5.0,,4.0
M000029,341,Samuel,,Maclay,66,10,PA,Democratic Republican,191,21,78,2.45,Samuel Maclay (PA),35.0,,14.0,4.0,11.0,20.0,1.0,42.0,28.0,5.0,5.0,6.0,6.0,14.0
M001003,457,Jeremiah,,Morrow,44,14,OH,Democratic Republican,190,17,44,4.32,Jeremiah Morrow (OH),7.0,1.0,63.0,11.0,22.0,,8.0,4.0,3.0,,21.0,44.0,,6.0
K000212,9,Rufus,,King,34,1,NY,Pro-Administration,190,15,28,6.79,Rufus King (NY),14.0,,25.0,10.0,47.0,51.0,,22.0,11.0,,,10.0,,
D000002,465,David,,Daggett,51,14,CT,Federalist,189,16,58,3.26,David Daggett (CT),27.0,1.0,85.0,13.0,9.0,5.0,2.0,13.0,6.0,,4.0,7.0,,17.0
B000563,203,Timothy,,Bloodworth,63,6,NC,Democratic Republican,188,15,86,2.19,Timothy Bloodworth (NC),22.0,4.0,45.0,27.0,29.0,1.0,3.0,31.0,11.0,2.0,4.0,7.0,,2.0
B000249,353,James,Asheton,Bayard,40,10,DE,Federalist,183,21,53,3.45,James Asheton Bayard (DE),15.0,14.0,14.0,21.0,4.0,5.0,2.0,82.0,11.0,,,8.0,,7.0
S001009,16,Caleb,,Strong,44,1,MA,Pro-Administration,183,18,28,6.54,Caleb Strong (MA),15.0,,14.0,14.0,43.0,37.0,,21.0,10.0,3.0,,26.0,,
C000671,336,John,,Condit,52,10,NJ,Democratic Republican,182,13,101,1.8,John Condit (NJ),12.0,1.0,34.0,10.0,8.0,9.0,2.0,28.0,46.0,6.0,2.0,7.0,1.0,16.0
T000015,497,Charles,,Tait,49,15,GA,Democratic Republican,180,24,34,5.29,Charles Tait (GA),28.0,3.0,8.0,4.0,1.0,2.0,5.0,32.0,51.0,,,13.0,28.0,5.0
K000246,340,Aaron,,Kitchell,63,10,NJ,Democratic Republican,180,8,101,1.78,Aaron Kitchell (NJ),24.0,1.0,25.0,4.0,13.0,12.0,4.0,31.0,33.0,4.0,3.0,14.0,2.0,10.0
G000526,51,James,,Gunn,38,2,GA,Anti-Administration,180,17,45,4.0,James Gunn (GA),12.0,8.0,42.0,29.0,6.0,10.0,9.0,5.0,46.0,1.0,,12.0,,
T000423,391,James,,Turner,43,11,NC,Democratic Republican,179,15,83,2.16,James Turner (NC),12.0,3.0,47.0,14.0,9.0,16.0,2.0,13.0,32.0,2.0,4.0,8.0,4.0,13.0
S000524,306,Daniel,,Smith,57,9,TN,Democratic Republican,179,17,86,2.08,Daniel Smith (TN),1.0,,19.0,8.0,8.0,6.0,22.0,21.0,17.0,2.0,,61.0,8.0,6.0
H000618,310,James,,Hillhouse,51,9,CT,Federalist,178,15,93,1.91,James Hillhouse (CT),5.0,,40.0,20.0,9.0,19.0,21.0,25.0,11.0,12.0,,12.0,2.0,2.0
C000572,261,William,,Cocke,55,8,TN,Democratic Republican,178,13,81,2.2,William Cocke (TN),9.0,1.0,29.0,15.0,10.0,8.0,9.0,30.0,23.0,28.0,,11.0,2.0,3.0
S000566,352,John,,Smith,55,10,NY,Democratic Republican,177,6,103,1.72,John Smith (NY),12.0,4.0,32.0,11.0,12.0,10.0,5.0,19.0,42.0,6.0,6.0,11.0,3.0,4.0
B001186,90,Pierce,,Butler,51,4,SC,Democratic Republican,177,16,44,4.02,Pierce Butler (SC),8.0,7.0,35.0,29.0,18.0,20.0,9.0,15.0,19.0,3.0,,13.0,,1.0
P000324,296,Timothy,,Pickering,60,9,MA,Federalist,176,16,89,1.98,Timothy Pickering (MA),7.0,2.0,16.0,21.0,13.0,30.0,24.0,11.0,29.0,3.0,,12.0,4.0,4.0
F000313,150,Theodore,,Foster,45,5,RI,Federalist,174,14,105,1.66,Theodore Foster (RI),14.0,2.0,24.0,30.0,30.0,6.0,5.0,11.0,41.0,,1.0,9.0,,1.0
F000344,204,Jesse,,Franklin,39,6,NC,Democratic Republican,173,11,95,1.82,Jesse Franklin (NC),14.0,,41.0,26.0,12.0,2.0,5.0,43.0,9.0,1.0,7.0,11.0,,2.0
D000002,426,David,,Daggett,49,13,CT,Federalist,171,18,46,3.72,David Daggett (CT),8.0,7.0,42.0,12.0,13.0,18.0,,21.0,27.0,,,2.0,,21.0
R000346,333,Jonathan,,Robinson,51,10,VT,Democratic Republican,171,11,76,2.25,Jonathan Robinson (VT),23.0,2.0,24.0,19.0,7.0,6.0,1.0,29.0,19.0,11.0,2.0,9.0,,19.0
P000324,331,Timothy,,Pickering,62,10,MA,Federalist,171,15,89,1.92,Timothy Pickering (MA),15.0,5.0,21.0,34.0,8.0,7.0,3.0,24.0,37.0,1.0,3.0,6.0,,7.0
P000026,106,Elijah,,Paine,38,4,VT,Federalist,171,12,74,2.31,Elijah Paine (VT),33.0,4.0,45.0,7.0,10.0,4.0,8.0,23.0,10.0,6.0,5.0,15.0,,1.0
L000229,415,Michael,,Leib,53,13,PA,Democratic Republican,170,19,41,4.15,Michael Leib (PA),56.0,2.0,34.0,3.0,5.0,12.0,,6.0,40.0,8.0,,,,4.0
L000067,44,John,,Langdon,50,2,NH,Pro-Administration,163,10,56,2.91,John Langdon (NH),20.0,2.0,32.0,48.0,9.0,16.0,7.0,5.0,10.0,4.0,1.0,9.0,,
W000750,423,Thomas,,Worthington,40,13,OH,Democratic Republican,162,19,39,4.15,Thomas Worthington (OH),9.0,5.0,19.0,12.0,31.0,17.0,,3.0,60.0,1.0,,5.0,,
P000324,263,Timothy,,Pickering,58,8,MA,Federalist,158,9,80,1.98,Timothy Pickering (MA),3.0,,33.0,29.0,3.0,19.0,4.0,22.0,16.0,7.0,3.0,12.0,4.0,3.0
L000011,468,Abner,,Lacock,45,14,PA,Democratic Republican,157,14,34,4.62,Abner Lacock (PA),39.0,,15.0,16.0,11.0,,1.0,33.0,7.0,,3.0,2.0,,30.0
V000104,80,John,,Vining,35,3,DE,Pro-Administration,157,11,53,2.96,John Vining (DE),14.0,17.0,40.0,12.0,12.0,3.0,,22.0,32.0,3.0,,2.0,,
S001073,398,Thomas,,Sumter,75,11,SC,Democratic Republican,155,12,69,2.25,Thomas Sumter (SC),3.0,1.0,16.0,6.0,11.0,18.0,6.0,16.0,53.0,2.0,1.0,8.0,6.0,8.0
C000671,392,John,,Condit,54,11,NJ,Democratic Republican,155,8,78,1.99,John Condit (NJ),27.0,,21.0,8.0,10.0,9.0,3.0,16.0,27.0,2.0,8.0,5.0,4.0,15.0
R000346,390,Jonathan,,Robinson,53,11,VT,Democratic Republican,155,9,79,1.96,Jonathan Robinson (VT),25.0,2.0,19.0,24.0,5.0,16.0,1.0,13.0,18.0,1.0,5.0,9.0,5.0,12.0
G000526,110,James,,Gunn,42,4,GA,Anti-Administration,154,14,53,2.91,James Gunn (GA),12.0,5.0,33.0,4.0,19.0,3.0,15.0,2.0,43.0,1.0,11.0,6.0,,
B000084,241,Abraham,,Baldwin,47,7,GA,Democratic Republican,152,16,27,5.63,Abraham Baldwin (GA),18.0,,24.0,9.0,8.0,11.0,,49.0,20.0,,,10.0,,3.0
J000017,217,James,,Jackson,44,7,GA,Democratic Republican,152,16,31,4.9,James Jackson (GA),13.0,5.0,29.0,2.0,2.0,11.0,,17.0,50.0,,,11.0,,12.0
S000567,319,John,,Smith,70,9,OH,Democratic Republican,151,18,54,2.8,John Smith (OH),1.0,,17.0,10.0,4.0,11.0,11.0,23.0,3.0,1.0,,59.0,5.0,6.0
S000567,275,John,,Smith,68,8,OH,Democratic Republican,150,17,70,2.14,John Smith (OH),7.0,,36.0,11.0,6.0,1.0,2.0,15.0,17.0,2.0,3.0,28.0,14.0,8.0
H000508,33,John,,Henry,41,2,MD,Pro-Administration,150,10,56,2.68,John Henry (MD),18.0,5.0,16.0,13.0,11.0,5.0,19.0,39.0,8.0,1.0,,15.0,,
A000197,212,Joseph,Inslee,Anderson,44,7,TN,Democratic Republican,148,16,29,5.1,Joseph Inslee Anderson (TN),16.0,9.0,26.0,,24.0,2.0,,40.0,27.0,,,3.0,,1.0
T000015,419,Charles,,Tait,45,13,GA,Democratic Republican,147,17,48,3.06,Charles Tait (GA),18.0,5.0,25.0,4.0,2.0,14.0,,24.0,50.0,,,5.0,,
C000572,200,William,,Cocke,51,6,TN,Democratic Republican,145,7,82,1.77,William Cocke (TN),12.0,3.0,41.0,23.0,19.0,1.0,5.0,22.0,8.0,,3.0,6.0,,2.0
F000389,454,Eligius,,Fromentin,-1,14,LA,Democratic Republican,143,17,39,3.67,Eligius Fromentin (LA),57.0,3.0,31.0,2.0,5.0,1.0,,11.0,1.0,,2.0,27.0,,3.0
L000115,198,Henry,,Latimer,47,6,DE,Federalist,140,13,73,1.92,Henry Latimer (DE),25.0,7.0,27.0,18.0,9.0,6.0,1.0,19.0,11.0,1.0,4.0,9.0,,3.0
H000618,268,James,,Hillhouse,49,8,CT,Federalist,139,8,71,1.96,James Hillhouse (CT),6.0,,40.0,16.0,6.0,6.0,1.0,22.0,10.0,8.0,5.0,12.0,3.0,4.0
W000392,276,Samuel,,White,33,8,DE,Federalist,138,14,59,2.34,Samuel White (DE),12.0,,24.0,19.0,2.0,7.0,1.0,25.0,25.0,1.0,3.0,12.0,3.0,4.0
M000029,272,Samuel,,Maclay,62,8,PA,Democratic Republican,138,11,67,2.06,Samuel Maclay (PA),4.0,2.0,43.0,15.0,8.0,11.0,4.0,20.0,10.0,5.0,,4.0,9.0,3.0
M000226,97,Stevens,Thomson,Mason,35,4,VA,Democratic Republican,138,10,53,2.6,Stevens Thomson Mason (VA),1.0,14.0,26.0,9.0,10.0,9.0,19.0,13.0,14.0,8.0,6.0,8.0,,1.0
F000389,516,Eligius,,Fromentin,-1,15,LA,Democratic Republican,136,18,40,3.4,Eligius Fromentin (LA),49.0,3.0,24.0,7.0,2.0,2.0,3.0,12.0,10.0,,11.0,3.0,,10.0
T000017,519,Isham,,Talbot,44,15,KY,Democratic Republican,134,20,32,4.19,Isham Talbot (KY),10.0,,25.0,4.0,38.0,2.0,21.0,16.0,5.0,,3.0,9.0,,1.0
H000991,467,William,,Hunter,41,14,RI,Federalist,134,15,50,2.68,William Hunter (RI),27.0,4.0,28.0,3.0,3.0,3.0,,27.0,2.0,,3.0,21.0,,13.0
B000127,450,James,,Barbour,40,14,VA,Anti-Democrat,133,18,25,5.32,James Barbour (VA),12.0,5.0,56.0,,,14.0,,3.0,13.0,,1.0,5.0,,24.0
C000083,487,George,Washington,Campbell,48,15,TN,Democratic Republican,132,26,20,6.6,George Washington Campbell (TN),7.0,,16.0,1.0,26.0,2.0,14.0,5.0,16.0,,,24.0,19.0,2.0
L000011,414,Abner,,Lacock,43,13,PA,Democratic Republican,132,14,41,3.22,Abner Lacock (PA),6.0,2.0,21.0,11.0,6.0,22.0,,16.0,37.0,4.0,,,,7.0
H000795,411,Outerbridge,,Horsey,36,13,DE,Federalist,132,18,41,3.22,Outerbridge Horsey (DE),24.0,,26.0,1.0,5.0,11.0,,5.0,18.0,13.0,,1.0,,28.0
S000955,418,David,,Stone,43,13,NC,Democratic Republican,129,10,43,3.0,David Stone (NC),22.0,5.0,12.0,6.0,2.0,18.0,,18.0,35.0,2.0,,,,9.0
B000929,278,John,,Brown,46,8,KY,Democratic Republican,129,8,41,3.15,John Brown (KY),9.0,1.0,22.0,8.0,11.0,6.0,6.0,27.0,7.0,11.0,3.0,15.0,,3.0
S000566,397,John,,Smith,57,11,NY,Democratic Republican,128,9,70,1.83,John Smith (NY),12.0,2.0,26.0,7.0,9.0,10.0,1.0,2.0,23.0,11.0,7.0,6.0,3.0,9.0
P000393,297,William,,Plumer,46,9,NH,Federalist,126,4,92,1.37,William Plumer (NH),13.0,1.0,11.0,16.0,8.0,13.0,5.0,22.0,9.0,3.0,2.0,15.0,2.0,6.0
N000086,220,Wilson,Cary,Nicholas,40,7,VA,Democratic Republican,125,15,32,3.91,Wilson Cary Nicholas (VA),18.0,4.0,18.0,3.0,3.0,13.0,,39.0,11.0,,,,,16.0
M000858,70,James,,Monroe,35,3,VA,Anti-Administration,125,8,45,2.78,James Monroe (VA),21.0,5.0,10.0,14.0,16.0,5.0,,13.0,33.0,2.0,1.0,5.0,,
G000183,282,William,Branch,Giles,41,8,VA,Democratic Republican,123,19,24,5.12,William Branch Giles (VA),10.0,2.0,5.0,5.0,5.0,4.0,,58.0,17.0,4.0,,12.0,,1.0
W000768,230,Robert,,Wright,49,7,MD,Democratic Republican,123,13,27,4.56,Robert Wright (MD),10.0,11.0,26.0,17.0,2.0,2.0,,6.0,11.0,,,,,38.0
H000795,455,Outerbridge,,Horsey,38,14,DE,Federalist,122,18,49,2.49,Outerbridge Horsey (DE),10.0,2.0,48.0,4.0,4.0,2.0,,8.0,5.0,,6.0,4.0,,29.0
S000609,305,Samuel,,Smith,53,9,MD,Democratic Republican,122,19,23,5.3,Samuel Smith (MD),2.0,,17.0,2.0,18.0,,,4.0,71.0,,,2.0,2.0,4.0
T000015,400,Charles,,Tait,41,11,GA,Democratic Republican,121,6,66,1.83,Charles Tait (GA),7.0,,34.0,13.0,13.0,8.0,,15.0,5.0,,10.0,7.0,3.0,6.0
F000313,48,Theodore,,Foster,39,2,RI,Pro-Administration,121,11,48,2.52,Theodore Foster (RI),5.0,,35.0,19.0,19.0,4.0,6.0,7.0,5.0,1.0,,20.0,,
M000858,11,James,,Monroe,31,1,VA,Anti-Administration,121,12,26,4.65,James Monroe (VA),14.0,,9.0,13.0,34.0,12.0,,11.0,18.0,1.0,,9.0,,
F000313,74,Theodore,,Foster,41,3,RI,Pro-Administration,119,10,59,2.02,Theodore Foster (RI),14.0,1.0,23.0,22.0,18.0,,,5.0,27.0,2.0,5.0,2.0,,
L000401,218,George,,Logan,48,7,PA,Democratic Republican,118,15,27,4.37,George Logan (PA),12.0,2.0,29.0,2.0,11.0,13.0,,16.0,22.0,,,1.0,,10.0
L000067,10,John,,Langdon,48,1,NH,Pro-Administration,118,15,26,4.54,John Langdon (NH),5.0,,15.0,23.0,22.0,35.0,,9.0,4.0,,,5.0,,
T000264,509,Isaac,,Tichenor,63,15,VT,Federalist,115,24,30,3.83,Isaac Tichenor (VT),14.0,2.0,18.0,12.0,,1.0,,4.0,56.0,,1.0,2.0,2.0,3.0
C000083,406,George,Washington,Campbell,44,13,TN,Democratic Republican,114,22,35,3.26,George Washington Campbell (TN),13.0,,16.0,3.0,3.0,56.0,,2.0,16.0,,,1.0,,4.0
H000870,317,Benjamin,,Howland,50,9,RI,Democratic Republican,114,4,78,1.46,Benjamin Howland (RI),3.0,2.0,18.0,16.0,10.0,14.0,4.0,23.0,6.0,5.0,,7.0,3.0,3.0
H000841,129,John,Eager,Howard,43,4,MD,Federalist,114,15,34,3.35,John Eager Howard (MD),,6.0,20.0,16.0,11.0,3.0,2.0,9.0,31.0,,9.0,7.0,,
H000618,122,James,,Hillhouse,41,4,CT,Federalist,108,14,41,2.63,James Hillhouse (CT),10.0,11.0,24.0,4.0,28.0,3.0,,9.0,3.0,,6.0,10.0,,
P000393,264,William,,Plumer,44,8,NH,Federalist,106,3,72,1.47,William Plumer (NH),4.0,,30.0,11.0,13.0,4.0,1.0,21.0,12.0,3.0,,5.0,1.0,1.0
G000005,409,John,,Gaillard,48,13,SC,Democratic Republican,103,11,29,3.55,John Gaillard (SC),16.0,28.0,9.0,2.0,9.0,7.0,,6.0,19.0,,,,,7.0
I000053,8,Ralph,,Izard,48,1,SC,Pro-Administration,102,14,20,5.1,Ralph Izard (SC),7.0,,9.0,16.0,23.0,34.0,,2.0,3.0,5.0,,3.0,,
R000313,417,Jonathan,,Roberts,42,13,PA,Democratic Republican,101,13,39,2.59,Jonathan Roberts (PA),25.0,3.0,31.0,10.0,9.0,2.0,,2.0,5.0,2.0,,3.0,,9.0
F000313,109,Theodore,,Foster,43,4,RI,Federalist,101,11,52,1.94,Theodore Foster (RI),8.0,2.0,40.0,12.0,6.0,5.0,4.0,6.0,11.0,4.0,,3.0,,
H000795,490,Outerbridge,,Horsey,40,15,DE,Federalist,100,22,25,4.0,Outerbridge Horsey (DE),9.0,,2.0,48.0,2.0,1.0,,28.0,,,,3.0,1.0,6.0
H000508,145,John,,Henry,47,5,MD,Pro-Administration,100,15,20,5.0,John Henry (MD),,15.0,9.0,9.0,9.0,27.0,,7.0,24.0,,,,,
G000215,410,Nicholas,,Gilman,58,13,NH,Democratic Republican,99,11,40,2.48,Nicholas Gilman (NH),17.0,2.0,19.0,9.0,4.0,11.0,,2.0,30.0,,,,,5.0
T000249,378,Buckner,,Thruston,46,11,KY,Democratic Republican,98,18,31,3.16,Buckner Thruston (KY),46.0,3.0,7.0,12.0,,5.0,,2.0,8.0,,1.0,1.0,,13.0
V000104,117,John,,Vining,37,4,DE,Pro-Administration,95,18,32,2.97,John Vining (DE),2.0,9.0,32.0,2.0,28.0,1.0,,17.0,,3.0,1.0,,,
B001186,2,Pierce,,Butler,45,1,SC,Pro-Administration,95,13,25,3.8,Pierce Butler (SC),12.0,,6.0,3.0,25.0,16.0,,16.0,10.0,,,7.0,,
H000991,513,William,,Hunter,43,15,RI,Federalist,92,16,27,3.41,William Hunter (RI),15.0,,6.0,10.0,1.0,,2.0,14.0,6.0,,2.0,31.0,,5.0
F000389,435,Eligius,,Fromentin,-1,13,LA,Democratic Republican,92,17,28,3.29,Eligius Fromentin (LA),3.0,7.0,6.0,12.0,2.0,15.0,,13.0,30.0,1.0,,2.0,,1.0
G000264,429,Robert,Henry,Goldsborough,34,13,MD,Federalist,92,21,35,2.63,Robert Henry Goldsborough (MD),5.0,,22.0,,6.0,35.0,,3.0,11.0,6.0,,,,4.0
L000115,111,Henry,,Latimer,43,4,DE,Federalist,92,4,60,1.53,Henry Latimer (DE),13.0,3.0,28.0,13.0,10.0,4.0,2.0,12.0,2.0,1.0,2.0,2.0,,
T000017,482,Isham,,Talbot,42,14,KY,Democratic Republican,91,22,28,3.25,Isham Talbot (KY),28.0,,20.0,2.0,9.0,,3.0,11.0,2.0,,2.0,3.0,,11.0
T000086,55,John,,Taylor,38,2,VA,Anti-Administration,89,10,23,3.87,John Taylor (VA),10.0,7.0,20.0,11.0,10.0,,11.0,10.0,,2.0,3.0,5.0,,
S001073,280,Thomas,,Sumter,69,8,SC,Democratic Republican,87,11,43,2.02,Thomas Sumter (SC),3.0,3.0,25.0,10.0,5.0,3.0,3.0,11.0,11.0,3.0,1.0,5.0,1.0,3.0
B001186,260,Pierce,,Butler,59,8,SC,Democratic Republican,86,28,19,4.53,Pierce Butler (SC),8.0,,15.0,1.0,3.0,13.0,,34.0,1.0,1.0,,10.0,,
S000955,235,David,,Stone,31,7,NC,Democratic Republican,86,12,30,2.87,David Stone (NC),12.0,,14.0,5.0,4.0,3.0,,31.0,3.0,,,6.0,,8.0
H000841,225,John,Eager,Howard,49,7,MD,Federalist,86,11,31,2.77,John Eager Howard (MD),2.0,3.0,8.0,11.0,3.0,5.0,,12.0,20.0,,,2.0,,20.0
T000015,471,Charles,,Tait,47,14,GA,Democratic Republican,85,8,36,2.36,Charles Tait (GA),11.0,3.0,29.0,4.0,3.0,2.0,1.0,11.0,2.0,,2.0,5.0,,12.0
T000423,421,James,,Turner,47,13,NC,Democratic Republican,84,13,48,1.75,James Turner (NC),10.0,3.0,25.0,6.0,2.0,8.0,,1.0,19.0,2.0,,2.0,,6.0
C000572,224,William,,Cocke,53,7,TN,Democratic Republican,84,12,31,2.71,William Cocke (TN),10.0,7.0,31.0,3.0,2.0,,,18.0,8.0,,,,,5.0
B000929,54,John,,Brown,34,2,KY,Anti-Administration,84,7,30,2.8,John Brown (KY),8.0,2.0,25.0,6.0,10.0,,11.0,3.0,,6.0,3.0,10.0,,
H000870,347,Benjamin,,Howland,52,10,RI,Democratic Republican,83,4,64,1.3,Benjamin Howland (RI),7.0,2.0,16.0,6.0,6.0,5.0,1.0,7.0,18.0,,,10.0,1.0,4.0
C000671,250,John,,Condit,48,8,NJ,Democratic Republican,83,6,50,1.66,John Condit (NJ),6.0,2.0,19.0,13.0,8.0,1.0,3.0,5.0,18.0,,1.0,4.0,,3.0
H000368,5,Benjamin,,Hawkins,35,1,NC,Pro-Administration,82,12,21,3.9,Benjamin Hawkins (NC),4.0,,5.0,16.0,6.0,25.0,,7.0,14.0,,,5.0,,
W000287,265,William,Hill,Wells,34,8,DE,Federalist,81,9,44,1.84,William Hill Wells (DE),4.0,,17.0,8.0,8.0,8.0,1.0,12.0,6.0,4.0,1.0,9.0,1.0,2.0
W000287,173,William,Hill,Wells,28,5,DE,Federalist,81,22,28,2.89,William Hill Wells (DE),33.0,,14.0,7.0,7.0,1.0,6.0,1.0,3.0,,3.0,6.0,,
D000024,479,Samuel,Whittlesey,Dana,55,14,CT,Federalist,80,12,35,2.29,Samuel Whittlesey Dana (CT),5.0,,17.0,6.0,3.0,6.0,1.0,19.0,15.0,,3.0,1.0,,4.0
M001003,416,Jeremiah,,Morrow,42,13,OH,Democratic Republican,80,13,31,2.58,Jeremiah Morrow (OH),12.0,3.0,5.0,2.0,8.0,5.0,,7.0,9.0,2.0,,24.0,,3.0
W000287,439,William,Hill,Wells,44,13,DE,Federalist,79,13,20,3.95,William Hill Wells (DE),5.0,18.0,4.0,1.0,,20.0,,3.0,15.0,4.0,,,,9.0
B001186,59,Pierce,,Butler,49,3,SC,Anti-Administration,79,10,20,3.95,Pierce Butler (SC),12.0,8.0,,8.0,16.0,10.0,,2.0,22.0,,1.0,,,
T000264,127,Isaac,,Tichenor,41,4,VT,Federalist,78,10,34,2.29,Isaac Tichenor (VT),11.0,1.0,10.0,2.0,8.0,17.0,2.0,9.0,6.0,,6.0,6.0,,
T000107,88,Henry,,Tazewell,40,3,VA,Anti-Administration,76,13,22,3.45,Henry Tazewell (VA),,,6.0,17.0,8.0,,4.0,22.0,14.0,,1.0,4.0,,
D000165,237,Jonathan,,Dayton,41,7,NJ,Federalist,71,15,18,3.94,Jonathan Dayton (NJ),13.0,,2.0,1.0,4.0,3.0,,29.0,15.0,,,2.0,,2.0
B000745,214,Stephen,Row,Bradley,47,7,VT,Democratic Republican,70,10,17,4.12,Stephen Row Bradley (VT),7.0,2.0,17.0,1.0,2.0,4.0,,8.0,8.0,,,6.0,,15.0
G000264,475,Robert,Henry,Goldsborough,36,14,MD,Federalist,68,8,27,2.52,Robert Henry Goldsborough (MD),12.0,2.0,18.0,,1.0,,1.0,4.0,3.0,,,2.0,,25.0
M000831,284,Samuel,Latham,Mitchill,39,8,NY,Democratic Republican,68,11,16,4.25,Samuel Latham Mitchill (NY),2.0,2.0,9.0,22.0,1.0,,,13.0,7.0,,,2.0,,10.0
R000350,83,Moses,,Robinson,52,3,VT,Anti-Administration,68,3,46,1.48,Moses Robinson (VT),7.0,,22.0,5.0,13.0,,,7.0,11.0,,2.0,1.0,,
H000508,86,John,,Henry,43,3,MD,Pro-Administration,66,5,37,1.78,John Henry (MD),7.0,,19.0,11.0,4.0,3.0,2.0,1.0,16.0,,1.0,2.0,,
W000392,229,Samuel,,White,31,7,DE,Federalist,64,10,29,2.21,Samuel White (DE),4.0,1.0,15.0,6.0,5.0,1.0,,17.0,5.0,,,1.0,,9.0
T000423,472,James,,Turner,49,14,NC,Democratic Republican,63,4,40,1.58,James Turner (NC),8.0,2.0,19.0,2.0,3.0,4.0,,6.0,1.0,,6.0,4.0,,8.0
C000671,453,John,,Condit,60,14,NJ,Democratic Republican,63,7,35,1.8,John Condit (NJ),4.0,3.0,24.0,9.0,2.0,,,8.0,2.0,,9.0,1.0,,1.0
S000566,281,John,,Smith,51,8,NY,Democratic Republican,63,5,30,2.1,John Smith (NY),6.0,2.0,13.0,10.0,4.0,5.0,,6.0,7.0,1.0,,7.0,1.0,1.0
R000550,157,John,,Rutherfurd,37,5,NJ,Pro-Administration,63,14,21,3.0,John Rutherfurd (NJ),2.0,,1.0,4.0,12.0,7.0,3.0,2.0,32.0,,,,,
J000017,312,James,,Jackson,48,9,GA,Democratic Republican,62,8,20,3.1,James Jackson (GA),,,4.0,6.0,3.0,5.0,17.0,6.0,1.0,1.0,,10.0,,9.0
B000739,133,William,,Bradford,68,5,RI,Pro-Administration,62,17,20,3.1,William Bradford (RI),,2.0,3.0,11.0,5.0,11.0,,3.0,27.0,,,,,
F000313,216,Theodore,,Foster,49,7,RI,Federalist,60,9,26,2.31,Theodore Foster (RI),8.0,6.0,17.0,15.0,3.0,2.0,,6.0,1.0,,,,,2.0
S001073,240,Thomas,,Sumter,67,7,SC,Democratic Republican,59,12,17,3.47,Thomas Sumter (SC),1.0,,10.0,1.0,1.0,2.0,,3.0,23.0,,,5.0,,13.0
W000287,223,William,Hill,Wells,32,7,DE,Federalist,59,8,25,2.36,William Hill Wells (DE),13.0,2.0,10.0,6.0,3.0,3.0,,4.0,9.0,,,1.0,,8.0
R000448,242,James,,Ross,39,7,PA,Federalist,57,9,20,2.85,James Ross (PA),4.0,,3.0,6.0,4.0,,,13.0,14.0,,,10.0,,3.0
H000508,23,John,,Henry,39,1,MD,Pro-Administration,57,7,19,3.0,John Henry (MD),5.0,,7.0,10.0,17.0,8.0,,3.0,5.0,,,2.0,,
M000226,219,Stevens,Thomson,Mason,41,7,VA,Democratic Republican,54,8,18,3.0,Stevens Thomson Mason (VA),11.0,1.0,4.0,8.0,2.0,5.0,,3.0,11.0,,,,,9.0
C000671,434,John,,Condit,58,13,NJ,Democratic Republican,53,11,21,2.52,John Condit (NJ),2.0,4.0,15.0,3.0,9.0,9.0,,1.0,6.0,,,2.0,,2.0
H000618,232,James,,Hillhouse,47,7,CT,Federalist,53,14,23,2.3,James Hillhouse (CT),5.0,,17.0,1.0,,2.0,,18.0,2.0,,,2.0,,6.0
R000350,49,Moses,,Robinson,50,2,VT,Anti-Administration,52,5,29,1.79,Moses Robinson (VT),8.0,2.0,16.0,7.0,7.0,2.0,,3.0,1.0,,,6.0,,
G000526,24,James,,Gunn,36,1,GA,Anti-Administration,51,15,12,4.25,James Gunn (GA),13.0,,,4.0,3.0,7.0,,4.0,15.0,,,5.0,,
C000369,215,Nathaniel,,Chipman,49,7,VT,Federalist,48,14,15,3.2,Nathaniel Chipman (VT),7.0,1.0,13.0,,2.0,4.0,,20.0,,,,,,1.0
W000287,477,William,Hill,Wells,46,14,DE,Federalist,47,15,21,2.24,William Hill Wells (DE),6.0,,29.0,3.0,,,,3.0,1.0,,,1.0,,4.0
H000795,402,Outerbridge,,Horsey,32,11,DE,Federalist,47,9,34,1.38,Outerbridge Horsey (DE),1.0,1.0,8.0,4.0,2.0,2.0,1.0,15.0,3.0,,3.0,3.0,3.0,1.0
C000572,126,William,,Cocke,47,4,TN,Democratic Republican,45,5,30,1.5,William Cocke (TN),8.0,1.0,7.0,7.0,2.0,3.0,,9.0,3.0,,3.0,2.0,,
T000086,257,John,,Taylor,50,8,VA,Democratic Republican,44,7,16,2.75,John Taylor (VA),,1.0,1.0,2.0,5.0,13.0,,15.0,,,1.0,6.0,,
T000264,160,Isaac,,Tichenor,43,5,VT,Federalist,44,15,16,2.75,Isaac Tichenor (VT),,1.0,,1.0,6.0,8.0,,3.0,25.0,,,,,
P000473,57,Richard,,Potts,38,2,MD,Pro-Administration,42,5,15,2.8,Richard Potts (MD),1.0,5.0,14.0,10.0,,,3.0,,,5.0,2.0,2.0,,
F000313,20,Theodore,,Foster,37,1,RI,Pro-Administration,42,10,20,2.1,Theodore Foster (RI),4.0,,4.0,3.0,5.0,4.0,,1.0,8.0,3.0,,10.0,,
B000929,239,John,,Brown,44,7,KY,Democratic Republican,41,14,10,4.1,John Brown (KY),,,4.0,,2.0,2.0,,26.0,3.0,,,,,4.0
C000083,464,George,Washington,Campbell,46,14,TN,Democratic Republican,40,5,20,2.0,George Washington Campbell (TN),3.0,,12.0,1.0,2.0,2.0,1.0,7.0,3.0,,,5.0,,4.0
R000350,113,Moses,,Robinson,54,4,VT,Anti-Administration,38,6,25,1.52,Moses Robinson (VT),6.0,,5.0,9.0,5.0,2.0,2.0,9.0,,,,,,
V000104,144,John,,Vining,39,5,DE,Pro-Administration,36,16,11,3.27,John Vining (DE),,1.0,,1.0,3.0,9.0,,,22.0,,,,,
B000249,285,James,Asheton,Bayard,36,8,DE,Federalist,35,11,11,3.18,James Asheton Bayard (DE),1.0,,2.0,4.0,,,,13.0,11.0,2.0,,1.0,,1.0
G000005,523,John,,Gaillard,52,15,SC,Democratic Republican,34,8,7,4.86,John Gaillard (SC),26.0,,3.0,,,,2.0,3.0,,,,,,
L000229,363,Michael,,Leib,47,10,PA,Democratic Republican,34,10,12,2.83,Michael Leib (PA),1.0,,1.0,1.0,,1.0,2.0,3.0,18.0,,,1.0,,6.0
T000264,470,Isaac,,Tichenor,61,14,VT,Federalist,32,8,18,1.78,Isaac Tichenor (VT),1.0,,20.0,1.0,,1.0,,2.0,2.0,,3.0,1.0,,1.0
B000127,446,James,,Barbour,38,13,VA,Anti-Democrat,30,18,6,5.0,James Barbour (VA),,,1.0,,,19.0,,5.0,5.0,,,,,
R000125,324,Philip,,Reed,45,9,MD,Democratic Republican,30,4,19,1.58,Philip Reed (MD),,,7.0,1.0,5.0,1.0,1.0,5.0,1.0,,,1.0,5.0,3.0
M000891,283,Andrew,,Moore,51,8,VA,Democratic Republican,29,6,15,1.93,Andrew Moore (VA),6.0,,3.0,3.0,1.0,1.0,,4.0,5.0,2.0,,2.0,,2.0
P000393,243,William,,Plumer,42,7,NH,Federalist,19,5,11,1.73,William Plumer (NH),2.0,1.0,2.0,4.0,6.0,,,1.0,,,,1.0,,2.0
T000017,449,Isham,,Talbot,40,13,KY,Democratic Republican,18,6,6,3.0,Isham Talbot (KY),,,,1.0,2.0,4.0,,6.0,5.0,,,,,
D000024,512,Samuel,Whittlesey,Dana,57,15,CT,Federalist,16,4,10,1.6,Samuel Whittlesey Dana (CT),,,1.0,3.0,1.0,6.0,,2.0,1.0,,1.0,1.0,,
H000870,286,Benjamin,,Howland,48,8,RI,Democratic Republican,13,3,10,1.3,Benjamin Howland (RI),1.0,1.0,1.0,6.0,,,,1.0,2.0,,,1.0,,
G000005,287,John,,Gaillard,38,8,SC,Democratic Republican,11,3,7,1.57,John Gaillard (SC),,,1.0,4.0,,,,2.0,2.0,,,1.0,,1.0
C000572,159,William,,Cocke,49,5,TN,Democratic Republican,10,3,7,1.43,William Cocke (TN),,,,3.0,4.0,2.0,,,1.0,,,,,
F000344,234,Jesse,,Franklin,41,7,NC,Democratic Republican,6,2,5,1.2,Jesse Franklin (NC),,,3.0,,1.0,,,1.0,,,,,,1.0
R000346,441,Jonathan,,Robinson,57,13,VT,Democratic Republican,4,2,3,1.33,Jonathan Robinson (VT),,3.0,,,,,,,,,,1.0,,
B000084,360,Abraham,,Baldwin,53,10,GA,Democratic Republican,3,2,2,1.5,Abraham Baldwin (GA),,,,,,,,,,,,3.0,,
S000524,171,Daniel,,Smith,49,5,TN,Democratic Republican,3,2,2,1.5,Daniel Smith (TN),,,,2.0,,,,,1.0,,,,,
K000246,372,Aaron,,Kitchell,65,11,NJ,Democratic Republican,1,1,1,1.0,Aaron Kitchell (NJ),,1.0,,,,,,,,,,,,
S000567,357,John,,Smith,72,10,OH,Democratic Republican,1,1,2,0.5,John Smith (OH),,,,0.0,,,,,,,1.0,,,
